unit_id,start_cycle,end_cycle
1,1,30
1,2,31
1,3,32
1,4,33
1,5,34
1,6,35
1,7,36
1,8,37
1,9,38
1,10,39
1,11,40
1,12,41
1,13,42
1,14,43
1,15,44
1,16,45
1,17,46
1,18,47
1,19,48
1,20,49
1,21,50
1,22,51
1,23,52
1,24,53
1,25,54
1,26,55
1,27,56
1,28,57
1,29,58
1,30,59
1,31,60
1,32,61
1,33,62
1,34,63
1,35,64
1,36,65
1,37,66
1,38,67
1,39,68
1,40,69
1,41,70
1,42,71
1,43,72
1,44,73
1,45,74
1,46,75
1,47,76
1,48,77
1,49,78
1,50,79
1,51,80
1,52,81
1,53,82
1,54,83
1,55,84
1,56,85
1,57,86
1,58,87
1,59,88
1,60,89
1,61,90
1,62,91
1,63,92
1,64,93
1,65,94
1,66,95
1,67,96
1,68,97
1,69,98
1,70,99
1,71,100
1,72,101
1,73,102
1,74,103
1,75,104
1,76,105
1,77,106
1,78,107
1,79,108
1,80,109
1,81,110
1,82,111
1,83,112
1,84,113
1,85,114
1,86,115
1,87,116
1,88,117
1,89,118
1,90,119
1,91,120
1,92,121
1,93,122
1,94,123
1,95,124
1,96,125
1,97,126
1,98,127
1,99,128
1,100,129
1,101,130
1,102,131
1,103,132
1,104,133
1,105,134
1,106,135
1,107,136
1,108,137
1,109,138
1,110,139
1,111,140
1,112,141
1,113,142
1,114,143
1,115,144
1,116,145
1,117,146
1,118,147
1,119,148
1,120,149
1,121,150
1,122,151
1,123,152
1,124,153
1,125,154
1,126,155
1,127,156
1,128,157
1,129,158
1,130,159
1,131,160
1,132,161
1,133,162
1,134,163
1,135,164
1,136,165
1,137,166
1,138,167
1,139,168
1,140,169
1,141,170
1,142,171
1,143,172
1,144,173
1,145,174
1,146,175
1,147,176
1,148,177
1,149,178
1,150,179
1,151,180
1,152,181
1,153,182
1,154,183
1,155,184
1,156,185
1,157,186
1,158,187
1,159,188
1,160,189
1,161,190
1,162,191
1,163,192
2,1,30
2,2,31
2,3,32
2,4,33
2,5,34
2,6,35
2,7,36
2,8,37
2,9,38
2,10,39
2,11,40
2,12,41
2,13,42
2,14,43
2,15,44
2,16,45
2,17,46
2,18,47
2,19,48
2,20,49
2,21,50
2,22,51
2,23,52
2,24,53
2,25,54
2,26,55
2,27,56
2,28,57
2,29,58
2,30,59
2,31,60
2,32,61
2,33,62
2,34,63
2,35,64
2,36,65
2,37,66
2,38,67
2,39,68
2,40,69
2,41,70
2,42,71
2,43,72
2,44,73
2,45,74
2,46,75
2,47,76
2,48,77
2,49,78
2,50,79
2,51,80
2,52,81
2,53,82
2,54,83
2,55,84
2,56,85
2,57,86
2,58,87
2,59,88
2,60,89
2,61,90
2,62,91
2,63,92
2,64,93
2,65,94
2,66,95
2,67,96
2,68,97
2,69,98
2,70,99
2,71,100
2,72,101
2,73,102
2,74,103
2,75,104
2,76,105
2,77,106
2,78,107
2,79,108
2,80,109
2,81,110
2,82,111
2,83,112
2,84,113
2,85,114
2,86,115
2,87,116
2,88,117
2,89,118
2,90,119
2,91,120
2,92,121
2,93,122
2,94,123
2,95,124
2,96,125
2,97,126
2,98,127
2,99,128
2,100,129
2,101,130
2,102,131
2,103,132
2,104,133
2,105,134
2,106,135
2,107,136
2,108,137
2,109,138
2,110,139
2,111,140
2,112,141
2,113,142
2,114,143
2,115,144
2,116,145
2,117,146
2,118,147
2,119,148
2,120,149
2,121,150
2,122,151
2,123,152
2,124,153
2,125,154
2,126,155
2,127,156
2,128,157
2,129,158
2,130,159
2,131,160
2,132,161
2,133,162
2,134,163
2,135,164
2,136,165
2,137,166
2,138,167
2,139,168
2,140,169
2,141,170
2,142,171
2,143,172
2,144,173
2,145,174
2,146,175
2,147,176
2,148,177
2,149,178
2,150,179
2,151,180
2,152,181
2,153,182
2,154,183
2,155,184
2,156,185
2,157,186
2,158,187
2,159,188
2,160,189
2,161,190
2,162,191
2,163,192
2,164,193
2,165,194
2,166,195
2,167,196
2,168,197
2,169,198
2,170,199
2,171,200
2,172,201
2,173,202
2,174,203
2,175,204
2,176,205
2,177,206
2,178,207
2,179,208
2,180,209
2,181,210
2,182,211
2,183,212
2,184,213
2,185,214
2,186,215
2,187,216
2,188,217
2,189,218
2,190,219
2,191,220
2,192,221
2,193,222
2,194,223
2,195,224
2,196,225
2,197,226
2,198,227
2,199,228
2,200,229
2,201,230
2,202,231
2,203,232
2,204,233
2,205,234
2,206,235
2,207,236
2,208,237
2,209,238
2,210,239
2,211,240
2,212,241
2,213,242
2,214,243
2,215,244
2,216,245
2,217,246
2,218,247
2,219,248
2,220,249
2,221,250
2,222,251
2,223,252
2,224,253
2,225,254
2,226,255
2,227,256
2,228,257
2,229,258
2,230,259
2,231,260
2,232,261
2,233,262
2,234,263
2,235,264
2,236,265
2,237,266
2,238,267
2,239,268
2,240,269
2,241,270
2,242,271
2,243,272
2,244,273
2,245,274
2,246,275
2,247,276
2,248,277
2,249,278
2,250,279
2,251,280
2,252,281
2,253,282
2,254,283
2,255,284
2,256,285
2,257,286
2,258,287
3,1,30
3,2,31
3,3,32
3,4,33
3,5,34
3,6,35
3,7,36
3,8,37
3,9,38
3,10,39
3,11,40
3,12,41
3,13,42
3,14,43
3,15,44
3,16,45
3,17,46
3,18,47
3,19,48
3,20,49
3,21,50
3,22,51
3,23,52
3,24,53
3,25,54
3,26,55
3,27,56
3,28,57
3,29,58
3,30,59
3,31,60
3,32,61
3,33,62
3,34,63
3,35,64
3,36,65
3,37,66
3,38,67
3,39,68
3,40,69
3,41,70
3,42,71
3,43,72
3,44,73
3,45,74
3,46,75
3,47,76
3,48,77
3,49,78
3,50,79
3,51,80
3,52,81
3,53,82
3,54,83
3,55,84
3,56,85
3,57,86
3,58,87
3,59,88
3,60,89
3,61,90
3,62,91
3,63,92
3,64,93
3,65,94
3,66,95
3,67,96
3,68,97
3,69,98
3,70,99
3,71,100
3,72,101
3,73,102
3,74,103
3,75,104
3,76,105
3,77,106
3,78,107
3,79,108
3,80,109
3,81,110
3,82,111
3,83,112
3,84,113
3,85,114
3,86,115
3,87,116
3,88,117
3,89,118
3,90,119
3,91,120
3,92,121
3,93,122
3,94,123
3,95,124
3,96,125
3,97,126
3,98,127
3,99,128
3,100,129
3,101,130
3,102,131
3,103,132
3,104,133
3,105,134
3,106,135
3,107,136
3,108,137
3,109,138
3,110,139
3,111,140
3,112,141
3,113,142
3,114,143
3,115,144
3,116,145
3,117,146
3,118,147
3,119,148
3,120,149
3,121,150
3,122,151
3,123,152
3,124,153
3,125,154
3,126,155
3,127,156
3,128,157
3,129,158
3,130,159
3,131,160
3,132,161
3,133,162
3,134,163
3,135,164
3,136,165
3,137,166
3,138,167
3,139,168
3,140,169
3,141,170
3,142,171
3,143,172
3,144,173
3,145,174
3,146,175
3,147,176
3,148,177
3,149,178
3,150,179
4,1,30
4,2,31
4,3,32
4,4,33
4,5,34
4,6,35
4,7,36
4,8,37
4,9,38
4,10,39
4,11,40
4,12,41
4,13,42
4,14,43
4,15,44
4,16,45
4,17,46
4,18,47
4,19,48
4,20,49
4,21,50
4,22,51
4,23,52
4,24,53
4,25,54
4,26,55
4,27,56
4,28,57
4,29,58
4,30,59
4,31,60
4,32,61
4,33,62
4,34,63
4,35,64
4,36,65
4,37,66
4,38,67
4,39,68
4,40,69
4,41,70
4,42,71
4,43,72
4,44,73
4,45,74
4,46,75
4,47,76
4,48,77
4,49,78
4,50,79
4,51,80
4,52,81
4,53,82
4,54,83
4,55,84
4,56,85
4,57,86
4,58,87
4,59,88
4,60,89
4,61,90
4,62,91
4,63,92
4,64,93
4,65,94
4,66,95
4,67,96
4,68,97
4,69,98
4,70,99
4,71,100
4,72,101
4,73,102
4,74,103
4,75,104
4,76,105
4,77,106
4,78,107
4,79,108
4,80,109
4,81,110
4,82,111
4,83,112
4,84,113
4,85,114
4,86,115
4,87,116
4,88,117
4,89,118
4,90,119
4,91,120
4,92,121
4,93,122
4,94,123
4,95,124
4,96,125
4,97,126
4,98,127
4,99,128
4,100,129
4,101,130
4,102,131
4,103,132
4,104,133
4,105,134
4,106,135
4,107,136
4,108,137
4,109,138
4,110,139
4,111,140
4,112,141
4,113,142
4,114,143
4,115,144
4,116,145
4,117,146
4,118,147
4,119,148
4,120,149
4,121,150
4,122,151
4,123,152
4,124,153
4,125,154
4,126,155
4,127,156
4,128,157
4,129,158
4,130,159
4,131,160
4,132,161
4,133,162
4,134,163
4,135,164
4,136,165
4,137,166
4,138,167
4,139,168
4,140,169
4,141,170
4,142,171
4,143,172
4,144,173
4,145,174
4,146,175
4,147,176
4,148,177
4,149,178
4,150,179
4,151,180
4,152,181
4,153,182
4,154,183
4,155,184
4,156,185
4,157,186
4,158,187
4,159,188
4,160,189
5,1,30
5,2,31
5,3,32
5,4,33
5,5,34
5,6,35
5,7,36
5,8,37
5,9,38
5,10,39
5,11,40
5,12,41
5,13,42
5,14,43
5,15,44
5,16,45
5,17,46
5,18,47
5,19,48
5,20,49
5,21,50
5,22,51
5,23,52
5,24,53
5,25,54
5,26,55
5,27,56
5,28,57
5,29,58
5,30,59
5,31,60
5,32,61
5,33,62
5,34,63
5,35,64
5,36,65
5,37,66
5,38,67
5,39,68
5,40,69
5,41,70
5,42,71
5,43,72
5,44,73
5,45,74
5,46,75
5,47,76
5,48,77
5,49,78
5,50,79
5,51,80
5,52,81
5,53,82
5,54,83
5,55,84
5,56,85
5,57,86
5,58,87
5,59,88
5,60,89
5,61,90
5,62,91
5,63,92
5,64,93
5,65,94
5,66,95
5,67,96
5,68,97
5,69,98
5,70,99
5,71,100
5,72,101
5,73,102
5,74,103
5,75,104
5,76,105
5,77,106
5,78,107
5,79,108
5,80,109
5,81,110
5,82,111
5,83,112
5,84,113
5,85,114
5,86,115
5,87,116
5,88,117
5,89,118
5,90,119
5,91,120
5,92,121
5,93,122
5,94,123
5,95,124
5,96,125
5,97,126
5,98,127
5,99,128
5,100,129
5,101,130
5,102,131
5,103,132
5,104,133
5,105,134
5,106,135
5,107,136
5,108,137
5,109,138
5,110,139
5,111,140
5,112,141
5,113,142
5,114,143
5,115,144
5,116,145
5,117,146
5,118,147
5,119,148
5,120,149
5,121,150
5,122,151
5,123,152
5,124,153
5,125,154
5,126,155
5,127,156
5,128,157
5,129,158
5,130,159
5,131,160
5,132,161
5,133,162
5,134,163
5,135,164
5,136,165
5,137,166
5,138,167
5,139,168
5,140,169
5,141,170
5,142,171
5,143,172
5,144,173
5,145,174
5,146,175
5,147,176
5,148,177
5,149,178
5,150,179
5,151,180
5,152,181
5,153,182
5,154,183
5,155,184
5,156,185
5,157,186
5,158,187
5,159,188
5,160,189
5,161,190
5,162,191
5,163,192
5,164,193
5,165,194
5,166,195
5,167,196
5,168,197
5,169,198
5,170,199
5,171,200
5,172,201
5,173,202
5,174,203
5,175,204
5,176,205
5,177,206
5,178,207
5,179,208
5,180,209
5,181,210
5,182,211
5,183,212
5,184,213
5,185,214
5,186,215
5,187,216
5,188,217
5,189,218
5,190,219
5,191,220
5,192,221
5,193,222
5,194,223
5,195,224
5,196,225
5,197,226
5,198,227
5,199,228
5,200,229
5,201,230
5,202,231
5,203,232
5,204,233
5,205,234
5,206,235
5,207,236
5,208,237
5,209,238
5,210,239
5,211,240
5,212,241
5,213,242
5,214,243
5,215,244
5,216,245
5,217,246
5,218,247
5,219,248
5,220,249
5,221,250
5,222,251
5,223,252
5,224,253
5,225,254
5,226,255
5,227,256
5,228,257
5,229,258
5,230,259
5,231,260
5,232,261
5,233,262
5,234,263
5,235,264
5,236,265
5,237,266
5,238,267
5,239,268
5,240,269
6,1,30
6,2,31
6,3,32
6,4,33
6,5,34
6,6,35
6,7,36
6,8,37
6,9,38
6,10,39
6,11,40
6,12,41
6,13,42
6,14,43
6,15,44
6,16,45
6,17,46
6,18,47
6,19,48
6,20,49
6,21,50
6,22,51
6,23,52
6,24,53
6,25,54
6,26,55
6,27,56
6,28,57
6,29,58
6,30,59
6,31,60
6,32,61
6,33,62
6,34,63
6,35,64
6,36,65
6,37,66
6,38,67
6,39,68
6,40,69
6,41,70
6,42,71
6,43,72
6,44,73
6,45,74
6,46,75
6,47,76
6,48,77
6,49,78
6,50,79
6,51,80
6,52,81
6,53,82
6,54,83
6,55,84
6,56,85
6,57,86
6,58,87
6,59,88
6,60,89
6,61,90
6,62,91
6,63,92
6,64,93
6,65,94
6,66,95
6,67,96
6,68,97
6,69,98
6,70,99
6,71,100
6,72,101
6,73,102
6,74,103
6,75,104
6,76,105
6,77,106
6,78,107
6,79,108
6,80,109
6,81,110
6,82,111
6,83,112
6,84,113
6,85,114
6,86,115
6,87,116
6,88,117
6,89,118
6,90,119
6,91,120
6,92,121
6,93,122
6,94,123
6,95,124
6,96,125
6,97,126
6,98,127
6,99,128
6,100,129
6,101,130
6,102,131
6,103,132
6,104,133
6,105,134
6,106,135
6,107,136
6,108,137
6,109,138
6,110,139
6,111,140
6,112,141
6,113,142
6,114,143
6,115,144
6,116,145
6,117,146
6,118,147
6,119,148
6,120,149
6,121,150
6,122,151
6,123,152
6,124,153
6,125,154
6,126,155
6,127,156
6,128,157
6,129,158
6,130,159
6,131,160
6,132,161
6,133,162
6,134,163
6,135,164
6,136,165
6,137,166
6,138,167
6,139,168
6,140,169
6,141,170
6,142,171
6,143,172
6,144,173
6,145,174
6,146,175
6,147,176
6,148,177
6,149,178
6,150,179
6,151,180
6,152,181
6,153,182
6,154,183
6,155,184
6,156,185
6,157,186
6,158,187
6,159,188
7,1,30
7,2,31
7,3,32
7,4,33
7,5,34
7,6,35
7,7,36
7,8,37
7,9,38
7,10,39
7,11,40
7,12,41
7,13,42
7,14,43
7,15,44
7,16,45
7,17,46
7,18,47
7,19,48
7,20,49
7,21,50
7,22,51
7,23,52
7,24,53
7,25,54
7,26,55
7,27,56
7,28,57
7,29,58
7,30,59
7,31,60
7,32,61
7,33,62
7,34,63
7,35,64
7,36,65
7,37,66
7,38,67
7,39,68
7,40,69
7,41,70
7,42,71
7,43,72
7,44,73
7,45,74
7,46,75
7,47,76
7,48,77
7,49,78
7,50,79
7,51,80
7,52,81
7,53,82
7,54,83
7,55,84
7,56,85
7,57,86
7,58,87
7,59,88
7,60,89
7,61,90
7,62,91
7,63,92
7,64,93
7,65,94
7,66,95
7,67,96
7,68,97
7,69,98
7,70,99
7,71,100
7,72,101
7,73,102
7,74,103
7,75,104
7,76,105
7,77,106
7,78,107
7,79,108
7,80,109
7,81,110
7,82,111
7,83,112
7,84,113
7,85,114
7,86,115
7,87,116
7,88,117
7,89,118
7,90,119
7,91,120
7,92,121
7,93,122
7,94,123
7,95,124
7,96,125
7,97,126
7,98,127
7,99,128
7,100,129
7,101,130
7,102,131
7,103,132
7,104,133
7,105,134
7,106,135
7,107,136
7,108,137
7,109,138
7,110,139
7,111,140
7,112,141
7,113,142
7,114,143
7,115,144
7,116,145
7,117,146
7,118,147
7,119,148
7,120,149
7,121,150
7,122,151
7,123,152
7,124,153
7,125,154
7,126,155
7,127,156
7,128,157
7,129,158
7,130,159
7,131,160
7,132,161
7,133,162
7,134,163
7,135,164
7,136,165
7,137,166
7,138,167
7,139,168
7,140,169
7,141,170
7,142,171
7,143,172
7,144,173
7,145,174
7,146,175
7,147,176
7,148,177
7,149,178
7,150,179
7,151,180
7,152,181
7,153,182
7,154,183
7,155,184
7,156,185
7,157,186
7,158,187
7,159,188
7,160,189
7,161,190
7,162,191
7,163,192
7,164,193
7,165,194
7,166,195
7,167,196
7,168,197
7,169,198
7,170,199
7,171,200
7,172,201
7,173,202
7,174,203
7,175,204
7,176,205
7,177,206
7,178,207
7,179,208
7,180,209
7,181,210
7,182,211
7,183,212
7,184,213
7,185,214
7,186,215
7,187,216
7,188,217
7,189,218
7,190,219
7,191,220
7,192,221
7,193,222
7,194,223
7,195,224
7,196,225
7,197,226
7,198,227
7,199,228
7,200,229
7,201,230
7,202,231
7,203,232
7,204,233
7,205,234
7,206,235
7,207,236
7,208,237
7,209,238
7,210,239
7,211,240
7,212,241
7,213,242
7,214,243
7,215,244
7,216,245
7,217,246
7,218,247
7,219,248
7,220,249
7,221,250
7,222,251
7,223,252
7,224,253
7,225,254
7,226,255
7,227,256
7,228,257
7,229,258
7,230,259
8,1,30
8,2,31
8,3,32
8,4,33
8,5,34
8,6,35
8,7,36
8,8,37
8,9,38
8,10,39
8,11,40
8,12,41
8,13,42
8,14,43
8,15,44
8,16,45
8,17,46
8,18,47
8,19,48
8,20,49
8,21,50
8,22,51
8,23,52
8,24,53
8,25,54
8,26,55
8,27,56
8,28,57
8,29,58
8,30,59
8,31,60
8,32,61
8,33,62
8,34,63
8,35,64
8,36,65
8,37,66
8,38,67
8,39,68
8,40,69
8,41,70
8,42,71
8,43,72
8,44,73
8,45,74
8,46,75
8,47,76
8,48,77
8,49,78
8,50,79
8,51,80
8,52,81
8,53,82
8,54,83
8,55,84
8,56,85
8,57,86
8,58,87
8,59,88
8,60,89
8,61,90
8,62,91
8,63,92
8,64,93
8,65,94
8,66,95
8,67,96
8,68,97
8,69,98
8,70,99
8,71,100
8,72,101
8,73,102
8,74,103
8,75,104
8,76,105
8,77,106
8,78,107
8,79,108
8,80,109
8,81,110
8,82,111
8,83,112
8,84,113
8,85,114
8,86,115
8,87,116
8,88,117
8,89,118
8,90,119
8,91,120
8,92,121
8,93,122
8,94,123
8,95,124
8,96,125
8,97,126
8,98,127
8,99,128
8,100,129
8,101,130
8,102,131
8,103,132
8,104,133
8,105,134
8,106,135
8,107,136
8,108,137
8,109,138
8,110,139
8,111,140
8,112,141
8,113,142
8,114,143
8,115,144
8,116,145
8,117,146
8,118,147
8,119,148
8,120,149
8,121,150
9,1,30
9,2,31
9,3,32
9,4,33
9,5,34
9,6,35
9,7,36
9,8,37
9,9,38
9,10,39
9,11,40
9,12,41
9,13,42
9,14,43
9,15,44
9,16,45
9,17,46
9,18,47
9,19,48
9,20,49
9,21,50
9,22,51
9,23,52
9,24,53
9,25,54
9,26,55
9,27,56
9,28,57
9,29,58
9,30,59
9,31,60
9,32,61
9,33,62
9,34,63
9,35,64
9,36,65
9,37,66
9,38,67
9,39,68
9,40,69
9,41,70
9,42,71
9,43,72
9,44,73
9,45,74
9,46,75
9,47,76
9,48,77
9,49,78
9,50,79
9,51,80
9,52,81
9,53,82
9,54,83
9,55,84
9,56,85
9,57,86
9,58,87
9,59,88
9,60,89
9,61,90
9,62,91
9,63,92
9,64,93
9,65,94
9,66,95
9,67,96
9,68,97
9,69,98
9,70,99
9,71,100
9,72,101
9,73,102
9,74,103
9,75,104
9,76,105
9,77,106
9,78,107
9,79,108
9,80,109
9,81,110
9,82,111
9,83,112
9,84,113
9,85,114
9,86,115
9,87,116
9,88,117
9,89,118
9,90,119
9,91,120
9,92,121
9,93,122
9,94,123
9,95,124
9,96,125
9,97,126
9,98,127
9,99,128
9,100,129
9,101,130
9,102,131
9,103,132
9,104,133
9,105,134
9,106,135
9,107,136
9,108,137
9,109,138
9,110,139
9,111,140
9,112,141
9,113,142
9,114,143
9,115,144
9,116,145
9,117,146
9,118,147
9,119,148
9,120,149
9,121,150
9,122,151
9,123,152
9,124,153
9,125,154
9,126,155
9,127,156
9,128,157
9,129,158
9,130,159
9,131,160
9,132,161
9,133,162
9,134,163
9,135,164
9,136,165
9,137,166
9,138,167
9,139,168
9,140,169
9,141,170
9,142,171
9,143,172
9,144,173
9,145,174
9,146,175
9,147,176
9,148,177
9,149,178
9,150,179
9,151,180
9,152,181
9,153,182
9,154,183
9,155,184
9,156,185
9,157,186
9,158,187
9,159,188
9,160,189
9,161,190
9,162,191
9,163,192
9,164,193
9,165,194
9,166,195
9,167,196
9,168,197
9,169,198
9,170,199
9,171,200
9,172,201
10,1,30
10,2,31
10,3,32
10,4,33
10,5,34
10,6,35
10,7,36
10,8,37
10,9,38
10,10,39
10,11,40
10,12,41
10,13,42
10,14,43
10,15,44
10,16,45
10,17,46
10,18,47
10,19,48
10,20,49
10,21,50
10,22,51
10,23,52
10,24,53
10,25,54
10,26,55
10,27,56
10,28,57
10,29,58
10,30,59
10,31,60
10,32,61
10,33,62
10,34,63
10,35,64
10,36,65
10,37,66
10,38,67
10,39,68
10,40,69
10,41,70
10,42,71
10,43,72
10,44,73
10,45,74
10,46,75
10,47,76
10,48,77
10,49,78
10,50,79
10,51,80
10,52,81
10,53,82
10,54,83
10,55,84
10,56,85
10,57,86
10,58,87
10,59,88
10,60,89
10,61,90
10,62,91
10,63,92
10,64,93
10,65,94
10,66,95
10,67,96
10,68,97
10,69,98
10,70,99
10,71,100
10,72,101
10,73,102
10,74,103
10,75,104
10,76,105
10,77,106
10,78,107
10,79,108
10,80,109
10,81,110
10,82,111
10,83,112
10,84,113
10,85,114
10,86,115
10,87,116
10,88,117
10,89,118
10,90,119
10,91,120
10,92,121
10,93,122
10,94,123
10,95,124
10,96,125
10,97,126
10,98,127
10,99,128
10,100,129
10,101,130
10,102,131
10,103,132
10,104,133
10,105,134
10,106,135
10,107,136
10,108,137
10,109,138
10,110,139
10,111,140
10,112,141
10,113,142
10,114,143
10,115,144
10,116,145
10,117,146
10,118,147
10,119,148
10,120,149
10,121,150
10,122,151
10,123,152
10,124,153
10,125,154
10,126,155
10,127,156
10,128,157
10,129,158
10,130,159
10,131,160
10,132,161
10,133,162
10,134,163
10,135,164
10,136,165
10,137,166
10,138,167
10,139,168
10,140,169
10,141,170
10,142,171
10,143,172
10,144,173
10,145,174
10,146,175
10,147,176
10,148,177
10,149,178
10,150,179
10,151,180
10,152,181
10,153,182
10,154,183
10,155,184
10,156,185
10,157,186
10,158,187
10,159,188
10,160,189
10,161,190
10,162,191
10,163,192
10,164,193
10,165,194
10,166,195
10,167,196
10,168,197
10,169,198
10,170,199
10,171,200
10,172,201
10,173,202
10,174,203
10,175,204
10,176,205
10,177,206
10,178,207
10,179,208
10,180,209
10,181,210
10,182,211
10,183,212
10,184,213
10,185,214
10,186,215
10,187,216
10,188,217
10,189,218
10,190,219
10,191,220
10,192,221
10,193,222
11,1,30
11,2,31
11,3,32
11,4,33
11,5,34
11,6,35
11,7,36
11,8,37
11,9,38
11,10,39
11,11,40
11,12,41
11,13,42
11,14,43
11,15,44
11,16,45
11,17,46
11,18,47
11,19,48
11,20,49
11,21,50
11,22,51
11,23,52
11,24,53
11,25,54
11,26,55
11,27,56
11,28,57
11,29,58
11,30,59
11,31,60
11,32,61
11,33,62
11,34,63
11,35,64
11,36,65
11,37,66
11,38,67
11,39,68
11,40,69
11,41,70
11,42,71
11,43,72
11,44,73
11,45,74
11,46,75
11,47,76
11,48,77
11,49,78
11,50,79
11,51,80
11,52,81
11,53,82
11,54,83
11,55,84
11,56,85
11,57,86
11,58,87
11,59,88
11,60,89
11,61,90
11,62,91
11,63,92
11,64,93
11,65,94
11,66,95
11,67,96
11,68,97
11,69,98
11,70,99
11,71,100
11,72,101
11,73,102
11,74,103
11,75,104
11,76,105
11,77,106
11,78,107
11,79,108
11,80,109
11,81,110
11,82,111
11,83,112
11,84,113
11,85,114
11,86,115
11,87,116
11,88,117
11,89,118
11,90,119
11,91,120
11,92,121
11,93,122
11,94,123
11,95,124
11,96,125
11,97,126
11,98,127
11,99,128
11,100,129
11,101,130
11,102,131
11,103,132
11,104,133
11,105,134
11,106,135
11,107,136
11,108,137
11,109,138
11,110,139
11,111,140
11,112,141
11,113,142
11,114,143
11,115,144
11,116,145
11,117,146
11,118,147
11,119,148
11,120,149
11,121,150
11,122,151
11,123,152
11,124,153
11,125,154
11,126,155
11,127,156
11,128,157
11,129,158
11,130,159
11,131,160
11,132,161
11,133,162
11,134,163
11,135,164
11,136,165
11,137,166
11,138,167
11,139,168
11,140,169
11,141,170
11,142,171
11,143,172
11,144,173
11,145,174
11,146,175
11,147,176
11,148,177
11,149,178
11,150,179
11,151,180
11,152,181
11,153,182
11,154,183
11,155,184
11,156,185
11,157,186
11,158,187
11,159,188
11,160,189
11,161,190
11,162,191
11,163,192
11,164,193
11,165,194
11,166,195
11,167,196
11,168,197
11,169,198
11,170,199
11,171,200
11,172,201
11,173,202
11,174,203
11,175,204
11,176,205
11,177,206
11,178,207
11,179,208
11,180,209
11,181,210
11,182,211
11,183,212
11,184,213
11,185,214
11,186,215
11,187,216
11,188,217
11,189,218
11,190,219
11,191,220
11,192,221
11,193,222
11,194,223
11,195,224
11,196,225
11,197,226
11,198,227
11,199,228
11,200,229
11,201,230
11,202,231
11,203,232
11,204,233
11,205,234
11,206,235
11,207,236
11,208,237
11,209,238
11,210,239
11,211,240
12,1,30
12,2,31
12,3,32
12,4,33
12,5,34
12,6,35
12,7,36
12,8,37
12,9,38
12,10,39
12,11,40
12,12,41
12,13,42
12,14,43
12,15,44
12,16,45
12,17,46
12,18,47
12,19,48
12,20,49
12,21,50
12,22,51
12,23,52
12,24,53
12,25,54
12,26,55
12,27,56
12,28,57
12,29,58
12,30,59
12,31,60
12,32,61
12,33,62
12,34,63
12,35,64
12,36,65
12,37,66
12,38,67
12,39,68
12,40,69
12,41,70
12,42,71
12,43,72
12,44,73
12,45,74
12,46,75
12,47,76
12,48,77
12,49,78
12,50,79
12,51,80
12,52,81
12,53,82
12,54,83
12,55,84
12,56,85
12,57,86
12,58,87
12,59,88
12,60,89
12,61,90
12,62,91
12,63,92
12,64,93
12,65,94
12,66,95
12,67,96
12,68,97
12,69,98
12,70,99
12,71,100
12,72,101
12,73,102
12,74,103
12,75,104
12,76,105
12,77,106
12,78,107
12,79,108
12,80,109
12,81,110
12,82,111
12,83,112
12,84,113
12,85,114
12,86,115
12,87,116
12,88,117
12,89,118
12,90,119
12,91,120
12,92,121
12,93,122
12,94,123
12,95,124
12,96,125
12,97,126
12,98,127
12,99,128
12,100,129
12,101,130
12,102,131
12,103,132
12,104,133
12,105,134
12,106,135
12,107,136
12,108,137
12,109,138
12,110,139
12,111,140
12,112,141
12,113,142
12,114,143
12,115,144
12,116,145
12,117,146
12,118,147
12,119,148
12,120,149
12,121,150
12,122,151
12,123,152
12,124,153
12,125,154
12,126,155
12,127,156
12,128,157
12,129,158
12,130,159
12,131,160
12,132,161
12,133,162
12,134,163
12,135,164
12,136,165
12,137,166
12,138,167
12,139,168
12,140,169
12,141,170
13,1,30
13,2,31
13,3,32
13,4,33
13,5,34
13,6,35
13,7,36
13,8,37
13,9,38
13,10,39
13,11,40
13,12,41
13,13,42
13,14,43
13,15,44
13,16,45
13,17,46
13,18,47
13,19,48
13,20,49
13,21,50
13,22,51
13,23,52
13,24,53
13,25,54
13,26,55
13,27,56
13,28,57
13,29,58
13,30,59
13,31,60
13,32,61
13,33,62
13,34,63
13,35,64
13,36,65
13,37,66
13,38,67
13,39,68
13,40,69
13,41,70
13,42,71
13,43,72
13,44,73
13,45,74
13,46,75
13,47,76
13,48,77
13,49,78
13,50,79
13,51,80
13,52,81
13,53,82
13,54,83
13,55,84
13,56,85
13,57,86
13,58,87
13,59,88
13,60,89
13,61,90
13,62,91
13,63,92
13,64,93
13,65,94
13,66,95
13,67,96
13,68,97
13,69,98
13,70,99
13,71,100
13,72,101
13,73,102
13,74,103
13,75,104
13,76,105
13,77,106
13,78,107
13,79,108
13,80,109
13,81,110
13,82,111
13,83,112
13,84,113
13,85,114
13,86,115
13,87,116
13,88,117
13,89,118
13,90,119
13,91,120
13,92,121
13,93,122
13,94,123
13,95,124
13,96,125
13,97,126
13,98,127
13,99,128
13,100,129
13,101,130
13,102,131
13,103,132
13,104,133
13,105,134
13,106,135
13,107,136
13,108,137
13,109,138
13,110,139
13,111,140
13,112,141
13,113,142
13,114,143
13,115,144
13,116,145
13,117,146
13,118,147
13,119,148
13,120,149
13,121,150
13,122,151
13,123,152
13,124,153
13,125,154
13,126,155
13,127,156
13,128,157
13,129,158
13,130,159
13,131,160
13,132,161
13,133,162
13,134,163
14,1,30
14,2,31
14,3,32
14,4,33
14,5,34
14,6,35
14,7,36
14,8,37
14,9,38
14,10,39
14,11,40
14,12,41
14,13,42
14,14,43
14,15,44
14,16,45
14,17,46
14,18,47
14,19,48
14,20,49
14,21,50
14,22,51
14,23,52
14,24,53
14,25,54
14,26,55
14,27,56
14,28,57
14,29,58
14,30,59
14,31,60
14,32,61
14,33,62
14,34,63
14,35,64
14,36,65
14,37,66
14,38,67
14,39,68
14,40,69
14,41,70
14,42,71
14,43,72
14,44,73
14,45,74
14,46,75
14,47,76
14,48,77
14,49,78
14,50,79
14,51,80
14,52,81
14,53,82
14,54,83
14,55,84
14,56,85
14,57,86
14,58,87
14,59,88
14,60,89
14,61,90
14,62,91
14,63,92
14,64,93
14,65,94
14,66,95
14,67,96
14,68,97
14,69,98
14,70,99
14,71,100
14,72,101
14,73,102
14,74,103
14,75,104
14,76,105
14,77,106
14,78,107
14,79,108
14,80,109
14,81,110
14,82,111
14,83,112
14,84,113
14,85,114
14,86,115
14,87,116
14,88,117
14,89,118
14,90,119
14,91,120
14,92,121
14,93,122
14,94,123
14,95,124
14,96,125
14,97,126
14,98,127
14,99,128
14,100,129
14,101,130
14,102,131
14,103,132
14,104,133
14,105,134
14,106,135
14,107,136
14,108,137
14,109,138
14,110,139
14,111,140
14,112,141
14,113,142
14,114,143
14,115,144
14,116,145
14,117,146
14,118,147
14,119,148
14,120,149
14,121,150
14,122,151
14,123,152
14,124,153
14,125,154
14,126,155
14,127,156
14,128,157
14,129,158
14,130,159
14,131,160
14,132,161
14,133,162
14,134,163
14,135,164
14,136,165
14,137,166
14,138,167
14,139,168
14,140,169
14,141,170
14,142,171
14,143,172
14,144,173
14,145,174
14,146,175
14,147,176
14,148,177
14,149,178
14,150,179
14,151,180
15,1,30
15,2,31
15,3,32
15,4,33
15,5,34
15,6,35
15,7,36
15,8,37
15,9,38
15,10,39
15,11,40
15,12,41
15,13,42
15,14,43
15,15,44
15,16,45
15,17,46
15,18,47
15,19,48
15,20,49
15,21,50
15,22,51
15,23,52
15,24,53
15,25,54
15,26,55
15,27,56
15,28,57
15,29,58
15,30,59
15,31,60
15,32,61
15,33,62
15,34,63
15,35,64
15,36,65
15,37,66
15,38,67
15,39,68
15,40,69
15,41,70
15,42,71
15,43,72
15,44,73
15,45,74
15,46,75
15,47,76
15,48,77
15,49,78
15,50,79
15,51,80
15,52,81
15,53,82
15,54,83
15,55,84
15,56,85
15,57,86
15,58,87
15,59,88
15,60,89
15,61,90
15,62,91
15,63,92
15,64,93
15,65,94
15,66,95
15,67,96
15,68,97
15,69,98
15,70,99
15,71,100
15,72,101
15,73,102
15,74,103
15,75,104
15,76,105
15,77,106
15,78,107
15,79,108
15,80,109
15,81,110
15,82,111
15,83,112
15,84,113
15,85,114
15,86,115
15,87,116
15,88,117
15,89,118
15,90,119
15,91,120
15,92,121
15,93,122
15,94,123
15,95,124
15,96,125
15,97,126
15,98,127
15,99,128
15,100,129
15,101,130
15,102,131
15,103,132
15,104,133
15,105,134
15,106,135
15,107,136
15,108,137
15,109,138
15,110,139
15,111,140
15,112,141
15,113,142
15,114,143
15,115,144
15,116,145
15,117,146
15,118,147
15,119,148
15,120,149
15,121,150
15,122,151
15,123,152
15,124,153
15,125,154
15,126,155
15,127,156
15,128,157
15,129,158
15,130,159
15,131,160
15,132,161
15,133,162
15,134,163
15,135,164
15,136,165
15,137,166
15,138,167
15,139,168
15,140,169
15,141,170
15,142,171
15,143,172
15,144,173
15,145,174
15,146,175
15,147,176
15,148,177
15,149,178
15,150,179
15,151,180
15,152,181
15,153,182
15,154,183
15,155,184
15,156,185
15,157,186
15,158,187
15,159,188
15,160,189
15,161,190
15,162,191
15,163,192
15,164,193
15,165,194
15,166,195
15,167,196
15,168,197
15,169,198
15,170,199
15,171,200
15,172,201
15,173,202
15,174,203
15,175,204
15,176,205
15,177,206
15,178,207
16,1,30
16,2,31
16,3,32
16,4,33
16,5,34
16,6,35
16,7,36
16,8,37
16,9,38
16,10,39
16,11,40
16,12,41
16,13,42
16,14,43
16,15,44
16,16,45
16,17,46
16,18,47
16,19,48
16,20,49
16,21,50
16,22,51
16,23,52
16,24,53
16,25,54
16,26,55
16,27,56
16,28,57
16,29,58
16,30,59
16,31,60
16,32,61
16,33,62
16,34,63
16,35,64
16,36,65
16,37,66
16,38,67
16,39,68
16,40,69
16,41,70
16,42,71
16,43,72
16,44,73
16,45,74
16,46,75
16,47,76
16,48,77
16,49,78
16,50,79
16,51,80
16,52,81
16,53,82
16,54,83
16,55,84
16,56,85
16,57,86
16,58,87
16,59,88
16,60,89
16,61,90
16,62,91
16,63,92
16,64,93
16,65,94
16,66,95
16,67,96
16,68,97
16,69,98
16,70,99
16,71,100
16,72,101
16,73,102
16,74,103
16,75,104
16,76,105
16,77,106
16,78,107
16,79,108
16,80,109
16,81,110
16,82,111
16,83,112
16,84,113
16,85,114
16,86,115
16,87,116
16,88,117
16,89,118
16,90,119
16,91,120
16,92,121
16,93,122
16,94,123
16,95,124
16,96,125
16,97,126
16,98,127
16,99,128
16,100,129
16,101,130
16,102,131
16,103,132
16,104,133
16,105,134
16,106,135
16,107,136
16,108,137
16,109,138
16,110,139
16,111,140
16,112,141
16,113,142
16,114,143
16,115,144
16,116,145
16,117,146
16,118,147
16,119,148
16,120,149
16,121,150
16,122,151
16,123,152
16,124,153
16,125,154
16,126,155
16,127,156
16,128,157
16,129,158
16,130,159
16,131,160
16,132,161
16,133,162
16,134,163
16,135,164
16,136,165
16,137,166
16,138,167
16,139,168
16,140,169
16,141,170
16,142,171
16,143,172
16,144,173
16,145,174
16,146,175
16,147,176
16,148,177
16,149,178
16,150,179
16,151,180
16,152,181
16,153,182
16,154,183
16,155,184
16,156,185
16,157,186
16,158,187
16,159,188
16,160,189
16,161,190
16,162,191
16,163,192
16,164,193
16,165,194
16,166,195
16,167,196
16,168,197
16,169,198
16,170,199
16,171,200
16,172,201
16,173,202
16,174,203
16,175,204
16,176,205
16,177,206
16,178,207
16,179,208
16,180,209
17,1,30
17,2,31
17,3,32
17,4,33
17,5,34
17,6,35
17,7,36
17,8,37
17,9,38
17,10,39
17,11,40
17,12,41
17,13,42
17,14,43
17,15,44
17,16,45
17,17,46
17,18,47
17,19,48
17,20,49
17,21,50
17,22,51
17,23,52
17,24,53
17,25,54
17,26,55
17,27,56
17,28,57
17,29,58
17,30,59
17,31,60
17,32,61
17,33,62
17,34,63
17,35,64
17,36,65
17,37,66
17,38,67
17,39,68
17,40,69
17,41,70
17,42,71
17,43,72
17,44,73
17,45,74
17,46,75
17,47,76
17,48,77
17,49,78
17,50,79
17,51,80
17,52,81
17,53,82
17,54,83
17,55,84
17,56,85
17,57,86
17,58,87
17,59,88
17,60,89
17,61,90
17,62,91
17,63,92
17,64,93
17,65,94
17,66,95
17,67,96
17,68,97
17,69,98
17,70,99
17,71,100
17,72,101
17,73,102
17,74,103
17,75,104
17,76,105
17,77,106
17,78,107
17,79,108
17,80,109
17,81,110
17,82,111
17,83,112
17,84,113
17,85,114
17,86,115
17,87,116
17,88,117
17,89,118
17,90,119
17,91,120
17,92,121
17,93,122
17,94,123
17,95,124
17,96,125
17,97,126
17,98,127
17,99,128
17,100,129
17,101,130
17,102,131
17,103,132
17,104,133
17,105,134
17,106,135
17,107,136
17,108,137
17,109,138
17,110,139
17,111,140
17,112,141
17,113,142
17,114,143
17,115,144
17,116,145
17,117,146
17,118,147
17,119,148
17,120,149
17,121,150
17,122,151
17,123,152
17,124,153
17,125,154
17,126,155
17,127,156
17,128,157
17,129,158
17,130,159
17,131,160
17,132,161
17,133,162
17,134,163
17,135,164
17,136,165
17,137,166
17,138,167
17,139,168
17,140,169
17,141,170
17,142,171
17,143,172
17,144,173
17,145,174
17,146,175
17,147,176
17,148,177
17,149,178
17,150,179
17,151,180
17,152,181
17,153,182
17,154,183
17,155,184
17,156,185
17,157,186
17,158,187
17,159,188
17,160,189
17,161,190
17,162,191
17,163,192
17,164,193
17,165,194
17,166,195
17,167,196
17,168,197
17,169,198
17,170,199
17,171,200
17,172,201
17,173,202
17,174,203
17,175,204
17,176,205
17,177,206
17,178,207
17,179,208
17,180,209
17,181,210
17,182,211
17,183,212
17,184,213
17,185,214
17,186,215
17,187,216
17,188,217
17,189,218
17,190,219
17,191,220
17,192,221
17,193,222
17,194,223
17,195,224
17,196,225
17,197,226
17,198,227
17,199,228
17,200,229
17,201,230
17,202,231
17,203,232
17,204,233
17,205,234
17,206,235
17,207,236
17,208,237
17,209,238
17,210,239
17,211,240
17,212,241
17,213,242
17,214,243
17,215,244
17,216,245
17,217,246
17,218,247
17,219,248
17,220,249
17,221,250
17,222,251
17,223,252
17,224,253
17,225,254
17,226,255
17,227,256
17,228,257
17,229,258
17,230,259
17,231,260
17,232,261
17,233,262
17,234,263
17,235,264
17,236,265
17,237,266
17,238,267
17,239,268
17,240,269
17,241,270
17,242,271
17,243,272
17,244,273
17,245,274
17,246,275
17,247,276
18,1,30
18,2,31
18,3,32
18,4,33
18,5,34
18,6,35
18,7,36
18,8,37
18,9,38
18,10,39
18,11,40
18,12,41
18,13,42
18,14,43
18,15,44
18,16,45
18,17,46
18,18,47
18,19,48
18,20,49
18,21,50
18,22,51
18,23,52
18,24,53
18,25,54
18,26,55
18,27,56
18,28,57
18,29,58
18,30,59
18,31,60
18,32,61
18,33,62
18,34,63
18,35,64
18,36,65
18,37,66
18,38,67
18,39,68
18,40,69
18,41,70
18,42,71
18,43,72
18,44,73
18,45,74
18,46,75
18,47,76
18,48,77
18,49,78
18,50,79
18,51,80
18,52,81
18,53,82
18,54,83
18,55,84
18,56,85
18,57,86
18,58,87
18,59,88
18,60,89
18,61,90
18,62,91
18,63,92
18,64,93
18,65,94
18,66,95
18,67,96
18,68,97
18,69,98
18,70,99
18,71,100
18,72,101
18,73,102
18,74,103
18,75,104
18,76,105
18,77,106
18,78,107
18,79,108
18,80,109
18,81,110
18,82,111
18,83,112
18,84,113
18,85,114
18,86,115
18,87,116
18,88,117
18,89,118
18,90,119
18,91,120
18,92,121
18,93,122
18,94,123
18,95,124
18,96,125
18,97,126
18,98,127
18,99,128
18,100,129
18,101,130
18,102,131
18,103,132
18,104,133
18,105,134
18,106,135
18,107,136
18,108,137
18,109,138
18,110,139
18,111,140
18,112,141
18,113,142
18,114,143
18,115,144
18,116,145
18,117,146
18,118,147
18,119,148
18,120,149
18,121,150
18,122,151
18,123,152
18,124,153
18,125,154
18,126,155
18,127,156
18,128,157
18,129,158
18,130,159
18,131,160
18,132,161
18,133,162
18,134,163
18,135,164
18,136,165
18,137,166
18,138,167
18,139,168
18,140,169
18,141,170
18,142,171
18,143,172
18,144,173
18,145,174
18,146,175
18,147,176
18,148,177
18,149,178
18,150,179
18,151,180
18,152,181
18,153,182
18,154,183
18,155,184
18,156,185
18,157,186
18,158,187
18,159,188
18,160,189
18,161,190
18,162,191
18,163,192
18,164,193
18,165,194
18,166,195
19,1,30
19,2,31
19,3,32
19,4,33
19,5,34
19,6,35
19,7,36
19,8,37
19,9,38
19,10,39
19,11,40
19,12,41
19,13,42
19,14,43
19,15,44
19,16,45
19,17,46
19,18,47
19,19,48
19,20,49
19,21,50
19,22,51
19,23,52
19,24,53
19,25,54
19,26,55
19,27,56
19,28,57
19,29,58
19,30,59
19,31,60
19,32,61
19,33,62
19,34,63
19,35,64
19,36,65
19,37,66
19,38,67
19,39,68
19,40,69
19,41,70
19,42,71
19,43,72
19,44,73
19,45,74
19,46,75
19,47,76
19,48,77
19,49,78
19,50,79
19,51,80
19,52,81
19,53,82
19,54,83
19,55,84
19,56,85
19,57,86
19,58,87
19,59,88
19,60,89
19,61,90
19,62,91
19,63,92
19,64,93
19,65,94
19,66,95
19,67,96
19,68,97
19,69,98
19,70,99
19,71,100
19,72,101
19,73,102
19,74,103
19,75,104
19,76,105
19,77,106
19,78,107
19,79,108
19,80,109
19,81,110
19,82,111
19,83,112
19,84,113
19,85,114
19,86,115
19,87,116
19,88,117
19,89,118
19,90,119
19,91,120
19,92,121
19,93,122
19,94,123
19,95,124
19,96,125
19,97,126
19,98,127
19,99,128
19,100,129
19,101,130
19,102,131
19,103,132
19,104,133
19,105,134
19,106,135
19,107,136
19,108,137
19,109,138
19,110,139
19,111,140
19,112,141
19,113,142
19,114,143
19,115,144
19,116,145
19,117,146
19,118,147
19,119,148
19,120,149
19,121,150
19,122,151
19,123,152
19,124,153
19,125,154
19,126,155
19,127,156
19,128,157
19,129,158
20,1,30
20,2,31
20,3,32
20,4,33
20,5,34
20,6,35
20,7,36
20,8,37
20,9,38
20,10,39
20,11,40
20,12,41
20,13,42
20,14,43
20,15,44
20,16,45
20,17,46
20,18,47
20,19,48
20,20,49
20,21,50
20,22,51
20,23,52
20,24,53
20,25,54
20,26,55
20,27,56
20,28,57
20,29,58
20,30,59
20,31,60
20,32,61
20,33,62
20,34,63
20,35,64
20,36,65
20,37,66
20,38,67
20,39,68
20,40,69
20,41,70
20,42,71
20,43,72
20,44,73
20,45,74
20,46,75
20,47,76
20,48,77
20,49,78
20,50,79
20,51,80
20,52,81
20,53,82
20,54,83
20,55,84
20,56,85
20,57,86
20,58,87
20,59,88
20,60,89
20,61,90
20,62,91
20,63,92
20,64,93
20,65,94
20,66,95
20,67,96
20,68,97
20,69,98
20,70,99
20,71,100
20,72,101
20,73,102
20,74,103
20,75,104
20,76,105
20,77,106
20,78,107
20,79,108
20,80,109
20,81,110
20,82,111
20,83,112
20,84,113
20,85,114
20,86,115
20,87,116
20,88,117
20,89,118
20,90,119
20,91,120
20,92,121
20,93,122
20,94,123
20,95,124
20,96,125
20,97,126
20,98,127
20,99,128
20,100,129
20,101,130
20,102,131
20,103,132
20,104,133
20,105,134
20,106,135
20,107,136
20,108,137
20,109,138
20,110,139
20,111,140
20,112,141
20,113,142
20,114,143
20,115,144
20,116,145
20,117,146
20,118,147
20,119,148
20,120,149
20,121,150
20,122,151
20,123,152
20,124,153
20,125,154
20,126,155
20,127,156
20,128,157
20,129,158
20,130,159
20,131,160
20,132,161
20,133,162
20,134,163
20,135,164
20,136,165
20,137,166
20,138,167
20,139,168
20,140,169
20,141,170
20,142,171
20,143,172
20,144,173
20,145,174
20,146,175
20,147,176
20,148,177
20,149,178
20,150,179
20,151,180
20,152,181
20,153,182
20,154,183
20,155,184
20,156,185
20,157,186
20,158,187
20,159,188
20,160,189
20,161,190
20,162,191
20,163,192
20,164,193
20,165,194
20,166,195
20,167,196
20,168,197
20,169,198
20,170,199
20,171,200
20,172,201
20,173,202
20,174,203
20,175,204
20,176,205
20,177,206
20,178,207
20,179,208
20,180,209
20,181,210
20,182,211
20,183,212
20,184,213
20,185,214
20,186,215
20,187,216
20,188,217
20,189,218
20,190,219
20,191,220
20,192,221
20,193,222
20,194,223
20,195,224
20,196,225
20,197,226
20,198,227
20,199,228
20,200,229
20,201,230
20,202,231
20,203,232
20,204,233
20,205,234
21,1,30
21,2,31
21,3,32
21,4,33
21,5,34
21,6,35
21,7,36
21,8,37
21,9,38
21,10,39
21,11,40
21,12,41
21,13,42
21,14,43
21,15,44
21,16,45
21,17,46
21,18,47
21,19,48
21,20,49
21,21,50
21,22,51
21,23,52
21,24,53
21,25,54
21,26,55
21,27,56
21,28,57
21,29,58
21,30,59
21,31,60
21,32,61
21,33,62
21,34,63
21,35,64
21,36,65
21,37,66
21,38,67
21,39,68
21,40,69
21,41,70
21,42,71
21,43,72
21,44,73
21,45,74
21,46,75
21,47,76
21,48,77
21,49,78
21,50,79
21,51,80
21,52,81
21,53,82
21,54,83
21,55,84
21,56,85
21,57,86
21,58,87
21,59,88
21,60,89
21,61,90
21,62,91
21,63,92
21,64,93
21,65,94
21,66,95
21,67,96
21,68,97
21,69,98
21,70,99
21,71,100
21,72,101
21,73,102
21,74,103
21,75,104
21,76,105
21,77,106
21,78,107
21,79,108
21,80,109
21,81,110
21,82,111
21,83,112
21,84,113
21,85,114
21,86,115
21,87,116
21,88,117
21,89,118
21,90,119
21,91,120
21,92,121
21,93,122
21,94,123
21,95,124
21,96,125
21,97,126
21,98,127
21,99,128
21,100,129
21,101,130
21,102,131
21,103,132
21,104,133
21,105,134
21,106,135
21,107,136
21,108,137
21,109,138
21,110,139
21,111,140
21,112,141
21,113,142
21,114,143
21,115,144
21,116,145
21,117,146
21,118,147
21,119,148
21,120,149
21,121,150
21,122,151
21,123,152
21,124,153
21,125,154
21,126,155
21,127,156
21,128,157
21,129,158
21,130,159
21,131,160
21,132,161
21,133,162
21,134,163
21,135,164
21,136,165
21,137,166
21,138,167
21,139,168
21,140,169
21,141,170
21,142,171
21,143,172
21,144,173
21,145,174
21,146,175
21,147,176
21,148,177
21,149,178
21,150,179
21,151,180
21,152,181
21,153,182
21,154,183
21,155,184
21,156,185
21,157,186
21,158,187
21,159,188
21,160,189
21,161,190
21,162,191
21,163,192
21,164,193
21,165,194
21,166,195
22,1,30
22,2,31
22,3,32
22,4,33
22,5,34
22,6,35
22,7,36
22,8,37
22,9,38
22,10,39
22,11,40
22,12,41
22,13,42
22,14,43
22,15,44
22,16,45
22,17,46
22,18,47
22,19,48
22,20,49
22,21,50
22,22,51
22,23,52
22,24,53
22,25,54
22,26,55
22,27,56
22,28,57
22,29,58
22,30,59
22,31,60
22,32,61
22,33,62
22,34,63
22,35,64
22,36,65
22,37,66
22,38,67
22,39,68
22,40,69
22,41,70
22,42,71
22,43,72
22,44,73
22,45,74
22,46,75
22,47,76
22,48,77
22,49,78
22,50,79
22,51,80
22,52,81
22,53,82
22,54,83
22,55,84
22,56,85
22,57,86
22,58,87
22,59,88
22,60,89
22,61,90
22,62,91
22,63,92
22,64,93
22,65,94
22,66,95
22,67,96
22,68,97
22,69,98
22,70,99
22,71,100
22,72,101
22,73,102
22,74,103
22,75,104
22,76,105
22,77,106
22,78,107
22,79,108
22,80,109
22,81,110
22,82,111
22,83,112
22,84,113
22,85,114
22,86,115
22,87,116
22,88,117
22,89,118
22,90,119
22,91,120
22,92,121
22,93,122
22,94,123
22,95,124
22,96,125
22,97,126
22,98,127
22,99,128
22,100,129
22,101,130
22,102,131
22,103,132
22,104,133
22,105,134
22,106,135
22,107,136
22,108,137
22,109,138
22,110,139
22,111,140
22,112,141
22,113,142
22,114,143
22,115,144
22,116,145
22,117,146
22,118,147
22,119,148
22,120,149
22,121,150
22,122,151
22,123,152
22,124,153
22,125,154
22,126,155
22,127,156
22,128,157
22,129,158
22,130,159
22,131,160
22,132,161
22,133,162
22,134,163
22,135,164
22,136,165
22,137,166
22,138,167
22,139,168
22,140,169
22,141,170
22,142,171
22,143,172
22,144,173
22,145,174
22,146,175
22,147,176
22,148,177
22,149,178
22,150,179
22,151,180
22,152,181
22,153,182
22,154,183
22,155,184
22,156,185
22,157,186
22,158,187
22,159,188
22,160,189
22,161,190
22,162,191
22,163,192
22,164,193
22,165,194
22,166,195
22,167,196
22,168,197
22,169,198
22,170,199
22,171,200
22,172,201
22,173,202
23,1,30
23,2,31
23,3,32
23,4,33
23,5,34
23,6,35
23,7,36
23,8,37
23,9,38
23,10,39
23,11,40
23,12,41
23,13,42
23,14,43
23,15,44
23,16,45
23,17,46
23,18,47
23,19,48
23,20,49
23,21,50
23,22,51
23,23,52
23,24,53
23,25,54
23,26,55
23,27,56
23,28,57
23,29,58
23,30,59
23,31,60
23,32,61
23,33,62
23,34,63
23,35,64
23,36,65
23,37,66
23,38,67
23,39,68
23,40,69
23,41,70
23,42,71
23,43,72
23,44,73
23,45,74
23,46,75
23,47,76
23,48,77
23,49,78
23,50,79
23,51,80
23,52,81
23,53,82
23,54,83
23,55,84
23,56,85
23,57,86
23,58,87
23,59,88
23,60,89
23,61,90
23,62,91
23,63,92
23,64,93
23,65,94
23,66,95
23,67,96
23,68,97
23,69,98
23,70,99
23,71,100
23,72,101
23,73,102
23,74,103
23,75,104
23,76,105
23,77,106
23,78,107
23,79,108
23,80,109
23,81,110
23,82,111
23,83,112
23,84,113
23,85,114
23,86,115
23,87,116
23,88,117
23,89,118
23,90,119
23,91,120
23,92,121
23,93,122
23,94,123
23,95,124
23,96,125
23,97,126
23,98,127
23,99,128
23,100,129
23,101,130
23,102,131
23,103,132
23,104,133
23,105,134
23,106,135
23,107,136
23,108,137
23,109,138
23,110,139
23,111,140
23,112,141
23,113,142
23,114,143
23,115,144
23,116,145
23,117,146
23,118,147
23,119,148
23,120,149
23,121,150
23,122,151
23,123,152
23,124,153
23,125,154
23,126,155
23,127,156
23,128,157
23,129,158
23,130,159
23,131,160
23,132,161
23,133,162
23,134,163
23,135,164
23,136,165
23,137,166
23,138,167
23,139,168
24,1,30
24,2,31
24,3,32
24,4,33
24,5,34
24,6,35
24,7,36
24,8,37
24,9,38
24,10,39
24,11,40
24,12,41
24,13,42
24,14,43
24,15,44
24,16,45
24,17,46
24,18,47
24,19,48
24,20,49
24,21,50
24,22,51
24,23,52
24,24,53
24,25,54
24,26,55
24,27,56
24,28,57
24,29,58
24,30,59
24,31,60
24,32,61
24,33,62
24,34,63
24,35,64
24,36,65
24,37,66
24,38,67
24,39,68
24,40,69
24,41,70
24,42,71
24,43,72
24,44,73
24,45,74
24,46,75
24,47,76
24,48,77
24,49,78
24,50,79
24,51,80
24,52,81
24,53,82
24,54,83
24,55,84
24,56,85
24,57,86
24,58,87
24,59,88
24,60,89
24,61,90
24,62,91
24,63,92
24,64,93
24,65,94
24,66,95
24,67,96
24,68,97
24,69,98
24,70,99
24,71,100
24,72,101
24,73,102
24,74,103
24,75,104
24,76,105
24,77,106
24,78,107
24,79,108
24,80,109
24,81,110
24,82,111
24,83,112
24,84,113
24,85,114
24,86,115
24,87,116
24,88,117
24,89,118
24,90,119
24,91,120
24,92,121
24,93,122
24,94,123
24,95,124
24,96,125
24,97,126
24,98,127
24,99,128
24,100,129
24,101,130
24,102,131
24,103,132
24,104,133
24,105,134
24,106,135
24,107,136
24,108,137
24,109,138
24,110,139
24,111,140
24,112,141
24,113,142
24,114,143
24,115,144
24,116,145
24,117,146
24,118,147
25,1,30
25,2,31
25,3,32
25,4,33
25,5,34
25,6,35
25,7,36
25,8,37
25,9,38
25,10,39
25,11,40
25,12,41
25,13,42
25,14,43
25,15,44
25,16,45
25,17,46
25,18,47
25,19,48
25,20,49
25,21,50
25,22,51
25,23,52
25,24,53
25,25,54
25,26,55
25,27,56
25,28,57
25,29,58
25,30,59
25,31,60
25,32,61
25,33,62
25,34,63
25,35,64
25,36,65
25,37,66
25,38,67
25,39,68
25,40,69
25,41,70
25,42,71
25,43,72
25,44,73
25,45,74
25,46,75
25,47,76
25,48,77
25,49,78
25,50,79
25,51,80
25,52,81
25,53,82
25,54,83
25,55,84
25,56,85
25,57,86
25,58,87
25,59,88
25,60,89
25,61,90
25,62,91
25,63,92
25,64,93
25,65,94
25,66,95
25,67,96
25,68,97
25,69,98
25,70,99
25,71,100
25,72,101
25,73,102
25,74,103
25,75,104
25,76,105
25,77,106
25,78,107
25,79,108
25,80,109
25,81,110
25,82,111
25,83,112
25,84,113
25,85,114
25,86,115
25,87,116
25,88,117
25,89,118
25,90,119
25,91,120
25,92,121
25,93,122
25,94,123
25,95,124
25,96,125
25,97,126
25,98,127
25,99,128
25,100,129
25,101,130
25,102,131
25,103,132
25,104,133
25,105,134
25,106,135
25,107,136
25,108,137
25,109,138
25,110,139
25,111,140
25,112,141
25,113,142
25,114,143
25,115,144
25,116,145
25,117,146
25,118,147
25,119,148
25,120,149
25,121,150
25,122,151
25,123,152
25,124,153
25,125,154
25,126,155
25,127,156
25,128,157
25,129,158
25,130,159
25,131,160
25,132,161
25,133,162
25,134,163
25,135,164
25,136,165
25,137,166
25,138,167
25,139,168
25,140,169
25,141,170
25,142,171
25,143,172
25,144,173
25,145,174
25,146,175
25,147,176
25,148,177
25,149,178
25,150,179
25,151,180
25,152,181
25,153,182
25,154,183
25,155,184
25,156,185
25,157,186
25,158,187
25,159,188
25,160,189
25,161,190
25,162,191
25,163,192
25,164,193
25,165,194
25,166,195
25,167,196
25,168,197
25,169,198
25,170,199
25,171,200
25,172,201
25,173,202
25,174,203
25,175,204
25,176,205
25,177,206
25,178,207
25,179,208
25,180,209
25,181,210
25,182,211
25,183,212
25,184,213
25,185,214
25,186,215
25,187,216
25,188,217
25,189,218
25,190,219
25,191,220
25,192,221
25,193,222
25,194,223
25,195,224
25,196,225
25,197,226
25,198,227
25,199,228
25,200,229
25,201,230
26,1,30
26,2,31
26,3,32
26,4,33
26,5,34
26,6,35
26,7,36
26,8,37
26,9,38
26,10,39
26,11,40
26,12,41
26,13,42
26,14,43
26,15,44
26,16,45
26,17,46
26,18,47
26,19,48
26,20,49
26,21,50
26,22,51
26,23,52
26,24,53
26,25,54
26,26,55
26,27,56
26,28,57
26,29,58
26,30,59
26,31,60
26,32,61
26,33,62
26,34,63
26,35,64
26,36,65
26,37,66
26,38,67
26,39,68
26,40,69
26,41,70
26,42,71
26,43,72
26,44,73
26,45,74
26,46,75
26,47,76
26,48,77
26,49,78
26,50,79
26,51,80
26,52,81
26,53,82
26,54,83
26,55,84
26,56,85
26,57,86
26,58,87
26,59,88
26,60,89
26,61,90
26,62,91
26,63,92
26,64,93
26,65,94
26,66,95
26,67,96
26,68,97
26,69,98
26,70,99
26,71,100
26,72,101
26,73,102
26,74,103
26,75,104
26,76,105
26,77,106
26,78,107
26,79,108
26,80,109
26,81,110
26,82,111
26,83,112
26,84,113
26,85,114
26,86,115
26,87,116
26,88,117
26,89,118
26,90,119
26,91,120
26,92,121
26,93,122
26,94,123
26,95,124
26,96,125
26,97,126
26,98,127
26,99,128
26,100,129
26,101,130
26,102,131
26,103,132
26,104,133
26,105,134
26,106,135
26,107,136
26,108,137
26,109,138
26,110,139
26,111,140
26,112,141
26,113,142
26,114,143
26,115,144
26,116,145
26,117,146
26,118,147
26,119,148
26,120,149
26,121,150
26,122,151
26,123,152
26,124,153
26,125,154
26,126,155
26,127,156
26,128,157
26,129,158
26,130,159
26,131,160
26,132,161
26,133,162
26,134,163
26,135,164
26,136,165
26,137,166
26,138,167
26,139,168
26,140,169
26,141,170
26,142,171
26,143,172
26,144,173
26,145,174
26,146,175
26,147,176
26,148,177
26,149,178
26,150,179
26,151,180
26,152,181
26,153,182
26,154,183
26,155,184
26,156,185
26,157,186
26,158,187
26,159,188
26,160,189
26,161,190
26,162,191
26,163,192
26,164,193
26,165,194
26,166,195
26,167,196
26,168,197
26,169,198
26,170,199
27,1,30
27,2,31
27,3,32
27,4,33
27,5,34
27,6,35
27,7,36
27,8,37
27,9,38
27,10,39
27,11,40
27,12,41
27,13,42
27,14,43
27,15,44
27,16,45
27,17,46
27,18,47
27,19,48
27,20,49
27,21,50
27,22,51
27,23,52
27,24,53
27,25,54
27,26,55
27,27,56
27,28,57
27,29,58
27,30,59
27,31,60
27,32,61
27,33,62
27,34,63
27,35,64
27,36,65
27,37,66
27,38,67
27,39,68
27,40,69
27,41,70
27,42,71
27,43,72
27,44,73
27,45,74
27,46,75
27,47,76
27,48,77
27,49,78
27,50,79
27,51,80
27,52,81
27,53,82
27,54,83
27,55,84
27,56,85
27,57,86
27,58,87
27,59,88
27,60,89
27,61,90
27,62,91
27,63,92
27,64,93
27,65,94
27,66,95
27,67,96
27,68,97
27,69,98
27,70,99
27,71,100
27,72,101
27,73,102
27,74,103
27,75,104
27,76,105
27,77,106
27,78,107
27,79,108
27,80,109
27,81,110
27,82,111
27,83,112
27,84,113
27,85,114
27,86,115
27,87,116
27,88,117
27,89,118
27,90,119
27,91,120
27,92,121
27,93,122
27,94,123
27,95,124
27,96,125
27,97,126
27,98,127
27,99,128
27,100,129
27,101,130
27,102,131
27,103,132
27,104,133
27,105,134
27,106,135
27,107,136
27,108,137
27,109,138
27,110,139
27,111,140
27,112,141
27,113,142
27,114,143
27,115,144
27,116,145
27,117,146
27,118,147
27,119,148
27,120,149
27,121,150
27,122,151
27,123,152
27,124,153
27,125,154
27,126,155
27,127,156
28,1,30
28,2,31
28,3,32
28,4,33
28,5,34
28,6,35
28,7,36
28,8,37
28,9,38
28,10,39
28,11,40
28,12,41
28,13,42
28,14,43
28,15,44
28,16,45
28,17,46
28,18,47
28,19,48
28,20,49
28,21,50
28,22,51
28,23,52
28,24,53
28,25,54
28,26,55
28,27,56
28,28,57
28,29,58
28,30,59
28,31,60
28,32,61
28,33,62
28,34,63
28,35,64
28,36,65
28,37,66
28,38,67
28,39,68
28,40,69
28,41,70
28,42,71
28,43,72
28,44,73
28,45,74
28,46,75
28,47,76
28,48,77
28,49,78
28,50,79
28,51,80
28,52,81
28,53,82
28,54,83
28,55,84
28,56,85
28,57,86
28,58,87
28,59,88
28,60,89
28,61,90
28,62,91
28,63,92
28,64,93
28,65,94
28,66,95
28,67,96
28,68,97
28,69,98
28,70,99
28,71,100
28,72,101
28,73,102
28,74,103
28,75,104
28,76,105
28,77,106
28,78,107
28,79,108
28,80,109
28,81,110
28,82,111
28,83,112
28,84,113
28,85,114
28,86,115
28,87,116
28,88,117
28,89,118
28,90,119
28,91,120
28,92,121
28,93,122
28,94,123
28,95,124
28,96,125
28,97,126
28,98,127
28,99,128
28,100,129
28,101,130
28,102,131
28,103,132
28,104,133
28,105,134
28,106,135
28,107,136
28,108,137
28,109,138
28,110,139
28,111,140
28,112,141
28,113,142
28,114,143
28,115,144
28,116,145
28,117,146
28,118,147
28,119,148
28,120,149
28,121,150
28,122,151
28,123,152
28,124,153
28,125,154
28,126,155
28,127,156
28,128,157
28,129,158
28,130,159
28,131,160
28,132,161
28,133,162
28,134,163
28,135,164
28,136,165
29,1,30
29,2,31
29,3,32
29,4,33
29,5,34
29,6,35
29,7,36
29,8,37
29,9,38
29,10,39
29,11,40
29,12,41
29,13,42
29,14,43
29,15,44
29,16,45
29,17,46
29,18,47
29,19,48
29,20,49
29,21,50
29,22,51
29,23,52
29,24,53
29,25,54
29,26,55
29,27,56
29,28,57
29,29,58
29,30,59
29,31,60
29,32,61
29,33,62
29,34,63
29,35,64
29,36,65
29,37,66
29,38,67
29,39,68
29,40,69
29,41,70
29,42,71
29,43,72
29,44,73
29,45,74
29,46,75
29,47,76
29,48,77
29,49,78
29,50,79
29,51,80
29,52,81
29,53,82
29,54,83
29,55,84
29,56,85
29,57,86
29,58,87
29,59,88
29,60,89
29,61,90
29,62,91
29,63,92
29,64,93
29,65,94
29,66,95
29,67,96
29,68,97
29,69,98
29,70,99
29,71,100
29,72,101
29,73,102
29,74,103
29,75,104
29,76,105
29,77,106
29,78,107
29,79,108
29,80,109
29,81,110
29,82,111
29,83,112
29,84,113
29,85,114
29,86,115
29,87,116
29,88,117
29,89,118
29,90,119
29,91,120
29,92,121
29,93,122
29,94,123
29,95,124
29,96,125
29,97,126
29,98,127
29,99,128
29,100,129
29,101,130
29,102,131
29,103,132
29,104,133
29,105,134
29,106,135
29,107,136
29,108,137
29,109,138
29,110,139
29,111,140
29,112,141
29,113,142
29,114,143
29,115,144
29,116,145
29,117,146
29,118,147
29,119,148
29,120,149
29,121,150
29,122,151
29,123,152
29,124,153
29,125,154
29,126,155
29,127,156
29,128,157
29,129,158
29,130,159
29,131,160
29,132,161
29,133,162
29,134,163
30,1,30
30,2,31
30,3,32
30,4,33
30,5,34
30,6,35
30,7,36
30,8,37
30,9,38
30,10,39
30,11,40
30,12,41
30,13,42
30,14,43
30,15,44
30,16,45
30,17,46
30,18,47
30,19,48
30,20,49
30,21,50
30,22,51
30,23,52
30,24,53
30,25,54
30,26,55
30,27,56
30,28,57
30,29,58
30,30,59
30,31,60
30,32,61
30,33,62
30,34,63
30,35,64
30,36,65
30,37,66
30,38,67
30,39,68
30,40,69
30,41,70
30,42,71
30,43,72
30,44,73
30,45,74
30,46,75
30,47,76
30,48,77
30,49,78
30,50,79
30,51,80
30,52,81
30,53,82
30,54,83
30,55,84
30,56,85
30,57,86
30,58,87
30,59,88
30,60,89
30,61,90
30,62,91
30,63,92
30,64,93
30,65,94
30,66,95
30,67,96
30,68,97
30,69,98
30,70,99
30,71,100
30,72,101
30,73,102
30,74,103
30,75,104
30,76,105
30,77,106
30,78,107
30,79,108
30,80,109
30,81,110
30,82,111
30,83,112
30,84,113
30,85,114
30,86,115
30,87,116
30,88,117
30,89,118
30,90,119
30,91,120
30,92,121
30,93,122
30,94,123
30,95,124
30,96,125
30,97,126
30,98,127
30,99,128
30,100,129
30,101,130
30,102,131
30,103,132
30,104,133
30,105,134
30,106,135
30,107,136
30,108,137
30,109,138
30,110,139
30,111,140
30,112,141
30,113,142
30,114,143
30,115,144
30,116,145
30,117,146
30,118,147
30,119,148
30,120,149
30,121,150
30,122,151
30,123,152
30,124,153
30,125,154
30,126,155
30,127,156
30,128,157
30,129,158
30,130,159
30,131,160
30,132,161
30,133,162
30,134,163
30,135,164
30,136,165
30,137,166
30,138,167
30,139,168
30,140,169
30,141,170
30,142,171
30,143,172
30,144,173
30,145,174
30,146,175
30,147,176
30,148,177
30,149,178
30,150,179
30,151,180
30,152,181
30,153,182
30,154,183
30,155,184
30,156,185
30,157,186
30,158,187
30,159,188
30,160,189
30,161,190
30,162,191
30,163,192
30,164,193
30,165,194
31,1,30
31,2,31
31,3,32
31,4,33
31,5,34
31,6,35
31,7,36
31,8,37
31,9,38
31,10,39
31,11,40
31,12,41
31,13,42
31,14,43
31,15,44
31,16,45
31,17,46
31,18,47
31,19,48
31,20,49
31,21,50
31,22,51
31,23,52
31,24,53
31,25,54
31,26,55
31,27,56
31,28,57
31,29,58
31,30,59
31,31,60
31,32,61
31,33,62
31,34,63
31,35,64
31,36,65
31,37,66
31,38,67
31,39,68
31,40,69
31,41,70
31,42,71
31,43,72
31,44,73
31,45,74
31,46,75
31,47,76
31,48,77
31,49,78
31,50,79
31,51,80
31,52,81
31,53,82
31,54,83
31,55,84
31,56,85
31,57,86
31,58,87
31,59,88
31,60,89
31,61,90
31,62,91
31,63,92
31,64,93
31,65,94
31,66,95
31,67,96
31,68,97
31,69,98
31,70,99
31,71,100
31,72,101
31,73,102
31,74,103
31,75,104
31,76,105
31,77,106
31,78,107
31,79,108
31,80,109
31,81,110
31,82,111
31,83,112
31,84,113
31,85,114
31,86,115
31,87,116
31,88,117
31,89,118
31,90,119
31,91,120
31,92,121
31,93,122
31,94,123
31,95,124
31,96,125
31,97,126
31,98,127
31,99,128
31,100,129
31,101,130
31,102,131
31,103,132
31,104,133
31,105,134
31,106,135
31,107,136
31,108,137
31,109,138
31,110,139
31,111,140
31,112,141
31,113,142
31,114,143
31,115,144
31,116,145
31,117,146
31,118,147
31,119,148
31,120,149
31,121,150
31,122,151
31,123,152
31,124,153
31,125,154
31,126,155
31,127,156
31,128,157
31,129,158
31,130,159
31,131,160
31,132,161
31,133,162
31,134,163
31,135,164
31,136,165
31,137,166
31,138,167
31,139,168
31,140,169
31,141,170
31,142,171
31,143,172
31,144,173
31,145,174
31,146,175
31,147,176
31,148,177
31,149,178
31,150,179
31,151,180
31,152,181
31,153,182
31,154,183
31,155,184
31,156,185
31,157,186
31,158,187
31,159,188
31,160,189
31,161,190
31,162,191
31,163,192
31,164,193
31,165,194
31,166,195
31,167,196
31,168,197
31,169,198
31,170,199
31,171,200
31,172,201
31,173,202
31,174,203
31,175,204
31,176,205
31,177,206
31,178,207
31,179,208
31,180,209
31,181,210
31,182,211
31,183,212
31,184,213
31,185,214
31,186,215
31,187,216
31,188,217
31,189,218
31,190,219
31,191,220
31,192,221
31,193,222
31,194,223
31,195,224
31,196,225
31,197,226
31,198,227
31,199,228
31,200,229
31,201,230
31,202,231
31,203,232
31,204,233
31,205,234
32,1,30
32,2,31
32,3,32
32,4,33
32,5,34
32,6,35
32,7,36
32,8,37
32,9,38
32,10,39
32,11,40
32,12,41
32,13,42
32,14,43
32,15,44
32,16,45
32,17,46
32,18,47
32,19,48
32,20,49
32,21,50
32,22,51
32,23,52
32,24,53
32,25,54
32,26,55
32,27,56
32,28,57
32,29,58
32,30,59
32,31,60
32,32,61
32,33,62
32,34,63
32,35,64
32,36,65
32,37,66
32,38,67
32,39,68
32,40,69
32,41,70
32,42,71
32,43,72
32,44,73
32,45,74
32,46,75
32,47,76
32,48,77
32,49,78
32,50,79
32,51,80
32,52,81
32,53,82
32,54,83
32,55,84
32,56,85
32,57,86
32,58,87
32,59,88
32,60,89
32,61,90
32,62,91
32,63,92
32,64,93
32,65,94
32,66,95
32,67,96
32,68,97
32,69,98
32,70,99
32,71,100
32,72,101
32,73,102
32,74,103
32,75,104
32,76,105
32,77,106
32,78,107
32,79,108
32,80,109
32,81,110
32,82,111
32,83,112
32,84,113
32,85,114
32,86,115
32,87,116
32,88,117
32,89,118
32,90,119
32,91,120
32,92,121
32,93,122
32,94,123
32,95,124
32,96,125
32,97,126
32,98,127
32,99,128
32,100,129
32,101,130
32,102,131
32,103,132
32,104,133
32,105,134
32,106,135
32,107,136
32,108,137
32,109,138
32,110,139
32,111,140
32,112,141
32,113,142
32,114,143
32,115,144
32,116,145
32,117,146
32,118,147
32,119,148
32,120,149
32,121,150
32,122,151
32,123,152
32,124,153
32,125,154
32,126,155
32,127,156
32,128,157
32,129,158
32,130,159
32,131,160
32,132,161
32,133,162
32,134,163
32,135,164
32,136,165
32,137,166
32,138,167
32,139,168
32,140,169
32,141,170
32,142,171
32,143,172
32,144,173
32,145,174
32,146,175
32,147,176
32,148,177
32,149,178
32,150,179
32,151,180
32,152,181
32,153,182
32,154,183
32,155,184
32,156,185
32,157,186
32,158,187
32,159,188
32,160,189
32,161,190
32,162,191
33,1,30
33,2,31
33,3,32
33,4,33
33,5,34
33,6,35
33,7,36
33,8,37
33,9,38
33,10,39
33,11,40
33,12,41
33,13,42
33,14,43
33,15,44
33,16,45
33,17,46
33,18,47
33,19,48
33,20,49
33,21,50
33,22,51
33,23,52
33,24,53
33,25,54
33,26,55
33,27,56
33,28,57
33,29,58
33,30,59
33,31,60
33,32,61
33,33,62
33,34,63
33,35,64
33,36,65
33,37,66
33,38,67
33,39,68
33,40,69
33,41,70
33,42,71
33,43,72
33,44,73
33,45,74
33,46,75
33,47,76
33,48,77
33,49,78
33,50,79
33,51,80
33,52,81
33,53,82
33,54,83
33,55,84
33,56,85
33,57,86
33,58,87
33,59,88
33,60,89
33,61,90
33,62,91
33,63,92
33,64,93
33,65,94
33,66,95
33,67,96
33,68,97
33,69,98
33,70,99
33,71,100
33,72,101
33,73,102
33,74,103
33,75,104
33,76,105
33,77,106
33,78,107
33,79,108
33,80,109
33,81,110
33,82,111
33,83,112
33,84,113
33,85,114
33,86,115
33,87,116
33,88,117
33,89,118
33,90,119
33,91,120
33,92,121
33,93,122
33,94,123
33,95,124
33,96,125
33,97,126
33,98,127
33,99,128
33,100,129
33,101,130
33,102,131
33,103,132
33,104,133
33,105,134
33,106,135
33,107,136
33,108,137
33,109,138
33,110,139
33,111,140
33,112,141
33,113,142
33,114,143
33,115,144
33,116,145
33,117,146
33,118,147
33,119,148
33,120,149
33,121,150
33,122,151
33,123,152
33,124,153
33,125,154
33,126,155
33,127,156
33,128,157
33,129,158
33,130,159
33,131,160
33,132,161
33,133,162
33,134,163
33,135,164
33,136,165
33,137,166
33,138,167
33,139,168
33,140,169
33,141,170
33,142,171
33,143,172
33,144,173
33,145,174
33,146,175
33,147,176
33,148,177
33,149,178
33,150,179
33,151,180
33,152,181
33,153,182
33,154,183
33,155,184
33,156,185
33,157,186
33,158,187
33,159,188
33,160,189
33,161,190
33,162,191
33,163,192
33,164,193
33,165,194
33,166,195
33,167,196
33,168,197
33,169,198
33,170,199
33,171,200
34,1,30
34,2,31
34,3,32
34,4,33
34,5,34
34,6,35
34,7,36
34,8,37
34,9,38
34,10,39
34,11,40
34,12,41
34,13,42
34,14,43
34,15,44
34,16,45
34,17,46
34,18,47
34,19,48
34,20,49
34,21,50
34,22,51
34,23,52
34,24,53
34,25,54
34,26,55
34,27,56
34,28,57
34,29,58
34,30,59
34,31,60
34,32,61
34,33,62
34,34,63
34,35,64
34,36,65
34,37,66
34,38,67
34,39,68
34,40,69
34,41,70
34,42,71
34,43,72
34,44,73
34,45,74
34,46,75
34,47,76
34,48,77
34,49,78
34,50,79
34,51,80
34,52,81
34,53,82
34,54,83
34,55,84
34,56,85
34,57,86
34,58,87
34,59,88
34,60,89
34,61,90
34,62,91
34,63,92
34,64,93
34,65,94
34,66,95
34,67,96
34,68,97
34,69,98
34,70,99
34,71,100
34,72,101
34,73,102
34,74,103
34,75,104
34,76,105
34,77,106
34,78,107
34,79,108
34,80,109
34,81,110
34,82,111
34,83,112
34,84,113
34,85,114
34,86,115
34,87,116
34,88,117
34,89,118
34,90,119
34,91,120
34,92,121
34,93,122
34,94,123
34,95,124
34,96,125
34,97,126
34,98,127
34,99,128
34,100,129
34,101,130
34,102,131
34,103,132
34,104,133
34,105,134
34,106,135
34,107,136
34,108,137
34,109,138
34,110,139
34,111,140
34,112,141
34,113,142
34,114,143
34,115,144
34,116,145
34,117,146
34,118,147
34,119,148
34,120,149
34,121,150
34,122,151
34,123,152
34,124,153
34,125,154
34,126,155
34,127,156
34,128,157
34,129,158
34,130,159
34,131,160
34,132,161
34,133,162
34,134,163
34,135,164
34,136,165
34,137,166
34,138,167
34,139,168
34,140,169
34,141,170
34,142,171
34,143,172
34,144,173
34,145,174
34,146,175
34,147,176
34,148,177
34,149,178
34,150,179
34,151,180
34,152,181
34,153,182
34,154,183
34,155,184
34,156,185
34,157,186
34,158,187
34,159,188
34,160,189
34,161,190
34,162,191
34,163,192
34,164,193
34,165,194
34,166,195
35,1,30
35,2,31
35,3,32
35,4,33
35,5,34
35,6,35
35,7,36
35,8,37
35,9,38
35,10,39
35,11,40
35,12,41
35,13,42
35,14,43
35,15,44
35,16,45
35,17,46
35,18,47
35,19,48
35,20,49
35,21,50
35,22,51
35,23,52
35,24,53
35,25,54
35,26,55
35,27,56
35,28,57
35,29,58
35,30,59
35,31,60
35,32,61
35,33,62
35,34,63
35,35,64
35,36,65
35,37,66
35,38,67
35,39,68
35,40,69
35,41,70
35,42,71
35,43,72
35,44,73
35,45,74
35,46,75
35,47,76
35,48,77
35,49,78
35,50,79
35,51,80
35,52,81
35,53,82
35,54,83
35,55,84
35,56,85
35,57,86
35,58,87
35,59,88
35,60,89
35,61,90
35,62,91
35,63,92
35,64,93
35,65,94
35,66,95
35,67,96
35,68,97
35,69,98
35,70,99
35,71,100
35,72,101
35,73,102
35,74,103
35,75,104
35,76,105
35,77,106
35,78,107
35,79,108
35,80,109
35,81,110
35,82,111
35,83,112
35,84,113
35,85,114
35,86,115
35,87,116
35,88,117
35,89,118
35,90,119
35,91,120
35,92,121
35,93,122
35,94,123
35,95,124
35,96,125
35,97,126
35,98,127
35,99,128
35,100,129
35,101,130
35,102,131
35,103,132
35,104,133
35,105,134
35,106,135
35,107,136
35,108,137
35,109,138
35,110,139
35,111,140
35,112,141
35,113,142
35,114,143
35,115,144
35,116,145
35,117,146
35,118,147
35,119,148
35,120,149
35,121,150
35,122,151
35,123,152
35,124,153
35,125,154
35,126,155
35,127,156
35,128,157
35,129,158
35,130,159
35,131,160
35,132,161
35,133,162
35,134,163
35,135,164
35,136,165
35,137,166
35,138,167
35,139,168
35,140,169
35,141,170
35,142,171
35,143,172
35,144,173
35,145,174
35,146,175
35,147,176
35,148,177
35,149,178
35,150,179
35,151,180
35,152,181
36,1,30
36,2,31
36,3,32
36,4,33
36,5,34
36,6,35
36,7,36
36,8,37
36,9,38
36,10,39
36,11,40
36,12,41
36,13,42
36,14,43
36,15,44
36,16,45
36,17,46
36,18,47
36,19,48
36,20,49
36,21,50
36,22,51
36,23,52
36,24,53
36,25,54
36,26,55
36,27,56
36,28,57
36,29,58
36,30,59
36,31,60
36,32,61
36,33,62
36,34,63
36,35,64
36,36,65
36,37,66
36,38,67
36,39,68
36,40,69
36,41,70
36,42,71
36,43,72
36,44,73
36,45,74
36,46,75
36,47,76
36,48,77
36,49,78
36,50,79
36,51,80
36,52,81
36,53,82
36,54,83
36,55,84
36,56,85
36,57,86
36,58,87
36,59,88
36,60,89
36,61,90
36,62,91
36,63,92
36,64,93
36,65,94
36,66,95
36,67,96
36,68,97
36,69,98
36,70,99
36,71,100
36,72,101
36,73,102
36,74,103
36,75,104
36,76,105
36,77,106
36,78,107
36,79,108
36,80,109
36,81,110
36,82,111
36,83,112
36,84,113
36,85,114
36,86,115
36,87,116
36,88,117
36,89,118
36,90,119
36,91,120
36,92,121
36,93,122
36,94,123
36,95,124
36,96,125
36,97,126
36,98,127
36,99,128
36,100,129
36,101,130
36,102,131
36,103,132
36,104,133
36,105,134
36,106,135
36,107,136
36,108,137
36,109,138
36,110,139
36,111,140
36,112,141
36,113,142
36,114,143
36,115,144
36,116,145
36,117,146
36,118,147
36,119,148
36,120,149
36,121,150
36,122,151
36,123,152
36,124,153
36,125,154
36,126,155
36,127,156
36,128,157
36,129,158
37,1,30
37,2,31
37,3,32
37,4,33
37,5,34
37,6,35
37,7,36
37,8,37
37,9,38
37,10,39
37,11,40
37,12,41
37,13,42
37,14,43
37,15,44
37,16,45
37,17,46
37,18,47
37,19,48
37,20,49
37,21,50
37,22,51
37,23,52
37,24,53
37,25,54
37,26,55
37,27,56
37,28,57
37,29,58
37,30,59
37,31,60
37,32,61
37,33,62
37,34,63
37,35,64
37,36,65
37,37,66
37,38,67
37,39,68
37,40,69
37,41,70
37,42,71
37,43,72
37,44,73
37,45,74
37,46,75
37,47,76
37,48,77
37,49,78
37,50,79
37,51,80
37,52,81
37,53,82
37,54,83
37,55,84
37,56,85
37,57,86
37,58,87
37,59,88
37,60,89
37,61,90
37,62,91
37,63,92
37,64,93
37,65,94
37,66,95
37,67,96
37,68,97
37,69,98
37,70,99
37,71,100
37,72,101
37,73,102
37,74,103
37,75,104
37,76,105
37,77,106
37,78,107
37,79,108
37,80,109
37,81,110
37,82,111
37,83,112
37,84,113
37,85,114
37,86,115
37,87,116
37,88,117
37,89,118
37,90,119
37,91,120
37,92,121
37,93,122
37,94,123
37,95,124
37,96,125
37,97,126
37,98,127
37,99,128
37,100,129
37,101,130
37,102,131
37,103,132
37,104,133
37,105,134
37,106,135
37,107,136
37,108,137
37,109,138
37,110,139
37,111,140
37,112,141
37,113,142
37,114,143
37,115,144
37,116,145
37,117,146
37,118,147
37,119,148
37,120,149
37,121,150
37,122,151
37,123,152
37,124,153
37,125,154
37,126,155
37,127,156
37,128,157
37,129,158
37,130,159
37,131,160
37,132,161
37,133,162
37,134,163
37,135,164
37,136,165
37,137,166
37,138,167
37,139,168
37,140,169
37,141,170
38,1,30
38,2,31
38,3,32
38,4,33
38,5,34
38,6,35
38,7,36
38,8,37
38,9,38
38,10,39
38,11,40
38,12,41
38,13,42
38,14,43
38,15,44
38,16,45
38,17,46
38,18,47
38,19,48
38,20,49
38,21,50
38,22,51
38,23,52
38,24,53
38,25,54
38,26,55
38,27,56
38,28,57
38,29,58
38,30,59
38,31,60
38,32,61
38,33,62
38,34,63
38,35,64
38,36,65
38,37,66
38,38,67
38,39,68
38,40,69
38,41,70
38,42,71
38,43,72
38,44,73
38,45,74
38,46,75
38,47,76
38,48,77
38,49,78
38,50,79
38,51,80
38,52,81
38,53,82
38,54,83
38,55,84
38,56,85
38,57,86
38,58,87
38,59,88
38,60,89
38,61,90
38,62,91
38,63,92
38,64,93
38,65,94
38,66,95
38,67,96
38,68,97
38,69,98
38,70,99
38,71,100
38,72,101
38,73,102
38,74,103
38,75,104
38,76,105
38,77,106
38,78,107
38,79,108
38,80,109
38,81,110
38,82,111
38,83,112
38,84,113
38,85,114
38,86,115
38,87,116
38,88,117
38,89,118
38,90,119
38,91,120
38,92,121
38,93,122
38,94,123
38,95,124
38,96,125
38,97,126
38,98,127
38,99,128
38,100,129
38,101,130
38,102,131
38,103,132
38,104,133
38,105,134
38,106,135
38,107,136
38,108,137
38,109,138
38,110,139
38,111,140
38,112,141
38,113,142
38,114,143
38,115,144
38,116,145
38,117,146
38,118,147
38,119,148
38,120,149
38,121,150
38,122,151
38,123,152
38,124,153
38,125,154
38,126,155
38,127,156
38,128,157
38,129,158
38,130,159
38,131,160
38,132,161
38,133,162
38,134,163
38,135,164
38,136,165
38,137,166
38,138,167
38,139,168
38,140,169
38,141,170
38,142,171
38,143,172
38,144,173
38,145,174
38,146,175
38,147,176
38,148,177
38,149,178
38,150,179
38,151,180
38,152,181
38,153,182
38,154,183
38,155,184
38,156,185
38,157,186
38,158,187
38,159,188
38,160,189
38,161,190
38,162,191
38,163,192
38,164,193
38,165,194
39,1,30
39,2,31
39,3,32
39,4,33
39,5,34
39,6,35
39,7,36
39,8,37
39,9,38
39,10,39
39,11,40
39,12,41
39,13,42
39,14,43
39,15,44
39,16,45
39,17,46
39,18,47
39,19,48
39,20,49
39,21,50
39,22,51
39,23,52
39,24,53
39,25,54
39,26,55
39,27,56
39,28,57
39,29,58
39,30,59
39,31,60
39,32,61
39,33,62
39,34,63
39,35,64
39,36,65
39,37,66
39,38,67
39,39,68
39,40,69
39,41,70
39,42,71
39,43,72
39,44,73
39,45,74
39,46,75
39,47,76
39,48,77
39,49,78
39,50,79
39,51,80
39,52,81
39,53,82
39,54,83
39,55,84
39,56,85
39,57,86
39,58,87
39,59,88
39,60,89
39,61,90
39,62,91
39,63,92
39,64,93
39,65,94
39,66,95
39,67,96
39,68,97
39,69,98
39,70,99
39,71,100
39,72,101
39,73,102
39,74,103
39,75,104
39,76,105
39,77,106
39,78,107
39,79,108
39,80,109
39,81,110
39,82,111
39,83,112
39,84,113
39,85,114
39,86,115
39,87,116
39,88,117
39,89,118
39,90,119
39,91,120
39,92,121
39,93,122
39,94,123
39,95,124
39,96,125
39,97,126
39,98,127
39,99,128
40,1,30
40,2,31
40,3,32
40,4,33
40,5,34
40,6,35
40,7,36
40,8,37
40,9,38
40,10,39
40,11,40
40,12,41
40,13,42
40,14,43
40,15,44
40,16,45
40,17,46
40,18,47
40,19,48
40,20,49
40,21,50
40,22,51
40,23,52
40,24,53
40,25,54
40,26,55
40,27,56
40,28,57
40,29,58
40,30,59
40,31,60
40,32,61
40,33,62
40,34,63
40,35,64
40,36,65
40,37,66
40,38,67
40,39,68
40,40,69
40,41,70
40,42,71
40,43,72
40,44,73
40,45,74
40,46,75
40,47,76
40,48,77
40,49,78
40,50,79
40,51,80
40,52,81
40,53,82
40,54,83
40,55,84
40,56,85
40,57,86
40,58,87
40,59,88
40,60,89
40,61,90
40,62,91
40,63,92
40,64,93
40,65,94
40,66,95
40,67,96
40,68,97
40,69,98
40,70,99
40,71,100
40,72,101
40,73,102
40,74,103
40,75,104
40,76,105
40,77,106
40,78,107
40,79,108
40,80,109
40,81,110
40,82,111
40,83,112
40,84,113
40,85,114
40,86,115
40,87,116
40,88,117
40,89,118
40,90,119
40,91,120
40,92,121
40,93,122
40,94,123
40,95,124
40,96,125
40,97,126
40,98,127
40,99,128
40,100,129
40,101,130
40,102,131
40,103,132
40,104,133
40,105,134
40,106,135
40,107,136
40,108,137
40,109,138
40,110,139
40,111,140
40,112,141
40,113,142
40,114,143
40,115,144
40,116,145
40,117,146
40,118,147
40,119,148
40,120,149
40,121,150
40,122,151
40,123,152
40,124,153
40,125,154
40,126,155
40,127,156
40,128,157
40,129,158
40,130,159
40,131,160
40,132,161
40,133,162
40,134,163
40,135,164
40,136,165
40,137,166
40,138,167
40,139,168
40,140,169
40,141,170
40,142,171
40,143,172
40,144,173
40,145,174
40,146,175
40,147,176
40,148,177
40,149,178
40,150,179
40,151,180
40,152,181
40,153,182
40,154,183
40,155,184
40,156,185
40,157,186
40,158,187
40,159,188
41,1,30
41,2,31
41,3,32
41,4,33
41,5,34
41,6,35
41,7,36
41,8,37
41,9,38
41,10,39
41,11,40
41,12,41
41,13,42
41,14,43
41,15,44
41,16,45
41,17,46
41,18,47
41,19,48
41,20,49
41,21,50
41,22,51
41,23,52
41,24,53
41,25,54
41,26,55
41,27,56
41,28,57
41,29,58
41,30,59
41,31,60
41,32,61
41,33,62
41,34,63
41,35,64
41,36,65
41,37,66
41,38,67
41,39,68
41,40,69
41,41,70
41,42,71
41,43,72
41,44,73
41,45,74
41,46,75
41,47,76
41,48,77
41,49,78
41,50,79
41,51,80
41,52,81
41,53,82
41,54,83
41,55,84
41,56,85
41,57,86
41,58,87
41,59,88
41,60,89
41,61,90
41,62,91
41,63,92
41,64,93
41,65,94
41,66,95
41,67,96
41,68,97
41,69,98
41,70,99
41,71,100
41,72,101
41,73,102
41,74,103
41,75,104
41,76,105
41,77,106
41,78,107
41,79,108
41,80,109
41,81,110
41,82,111
41,83,112
41,84,113
41,85,114
41,86,115
41,87,116
41,88,117
41,89,118
41,90,119
41,91,120
41,92,121
41,93,122
41,94,123
41,95,124
41,96,125
41,97,126
41,98,127
41,99,128
41,100,129
41,101,130
41,102,131
41,103,132
41,104,133
41,105,134
41,106,135
41,107,136
41,108,137
41,109,138
41,110,139
41,111,140
41,112,141
41,113,142
41,114,143
41,115,144
41,116,145
41,117,146
41,118,147
41,119,148
41,120,149
41,121,150
41,122,151
41,123,152
41,124,153
41,125,154
41,126,155
41,127,156
41,128,157
41,129,158
41,130,159
41,131,160
41,132,161
41,133,162
41,134,163
41,135,164
41,136,165
41,137,166
41,138,167
41,139,168
41,140,169
41,141,170
41,142,171
41,143,172
41,144,173
41,145,174
41,146,175
41,147,176
41,148,177
41,149,178
41,150,179
41,151,180
41,152,181
41,153,182
41,154,183
41,155,184
41,156,185
41,157,186
41,158,187
41,159,188
41,160,189
41,161,190
41,162,191
41,163,192
41,164,193
41,165,194
41,166,195
41,167,196
41,168,197
41,169,198
41,170,199
41,171,200
41,172,201
41,173,202
41,174,203
41,175,204
41,176,205
41,177,206
41,178,207
41,179,208
41,180,209
41,181,210
41,182,211
41,183,212
41,184,213
41,185,214
41,186,215
41,187,216
42,1,30
42,2,31
42,3,32
42,4,33
42,5,34
42,6,35
42,7,36
42,8,37
42,9,38
42,10,39
42,11,40
42,12,41
42,13,42
42,14,43
42,15,44
42,16,45
42,17,46
42,18,47
42,19,48
42,20,49
42,21,50
42,22,51
42,23,52
42,24,53
42,25,54
42,26,55
42,27,56
42,28,57
42,29,58
42,30,59
42,31,60
42,32,61
42,33,62
42,34,63
42,35,64
42,36,65
42,37,66
42,38,67
42,39,68
42,40,69
42,41,70
42,42,71
42,43,72
42,44,73
42,45,74
42,46,75
42,47,76
42,48,77
42,49,78
42,50,79
42,51,80
42,52,81
42,53,82
42,54,83
42,55,84
42,56,85
42,57,86
42,58,87
42,59,88
42,60,89
42,61,90
42,62,91
42,63,92
42,64,93
42,65,94
42,66,95
42,67,96
42,68,97
42,69,98
42,70,99
42,71,100
42,72,101
42,73,102
42,74,103
42,75,104
42,76,105
42,77,106
42,78,107
42,79,108
42,80,109
42,81,110
42,82,111
42,83,112
42,84,113
42,85,114
42,86,115
42,87,116
42,88,117
42,89,118
42,90,119
42,91,120
42,92,121
42,93,122
42,94,123
42,95,124
42,96,125
42,97,126
42,98,127
42,99,128
42,100,129
42,101,130
42,102,131
42,103,132
42,104,133
42,105,134
42,106,135
42,107,136
42,108,137
42,109,138
42,110,139
42,111,140
42,112,141
42,113,142
42,114,143
42,115,144
42,116,145
42,117,146
42,118,147
42,119,148
42,120,149
42,121,150
42,122,151
42,123,152
42,124,153
42,125,154
42,126,155
42,127,156
42,128,157
42,129,158
42,130,159
42,131,160
42,132,161
42,133,162
42,134,163
42,135,164
42,136,165
42,137,166
42,138,167
42,139,168
42,140,169
42,141,170
42,142,171
42,143,172
42,144,173
42,145,174
42,146,175
42,147,176
42,148,177
42,149,178
42,150,179
42,151,180
42,152,181
42,153,182
42,154,183
42,155,184
42,156,185
42,157,186
42,158,187
42,159,188
42,160,189
42,161,190
42,162,191
42,163,192
42,164,193
42,165,194
42,166,195
42,167,196
43,1,30
43,2,31
43,3,32
43,4,33
43,5,34
43,6,35
43,7,36
43,8,37
43,9,38
43,10,39
43,11,40
43,12,41
43,13,42
43,14,43
43,15,44
43,16,45
43,17,46
43,18,47
43,19,48
43,20,49
43,21,50
43,22,51
43,23,52
43,24,53
43,25,54
43,26,55
43,27,56
43,28,57
43,29,58
43,30,59
43,31,60
43,32,61
43,33,62
43,34,63
43,35,64
43,36,65
43,37,66
43,38,67
43,39,68
43,40,69
43,41,70
43,42,71
43,43,72
43,44,73
43,45,74
43,46,75
43,47,76
43,48,77
43,49,78
43,50,79
43,51,80
43,52,81
43,53,82
43,54,83
43,55,84
43,56,85
43,57,86
43,58,87
43,59,88
43,60,89
43,61,90
43,62,91
43,63,92
43,64,93
43,65,94
43,66,95
43,67,96
43,68,97
43,69,98
43,70,99
43,71,100
43,72,101
43,73,102
43,74,103
43,75,104
43,76,105
43,77,106
43,78,107
43,79,108
43,80,109
43,81,110
43,82,111
43,83,112
43,84,113
43,85,114
43,86,115
43,87,116
43,88,117
43,89,118
43,90,119
43,91,120
43,92,121
43,93,122
43,94,123
43,95,124
43,96,125
43,97,126
43,98,127
43,99,128
43,100,129
43,101,130
43,102,131
43,103,132
43,104,133
43,105,134
43,106,135
43,107,136
43,108,137
43,109,138
43,110,139
43,111,140
43,112,141
43,113,142
43,114,143
43,115,144
43,116,145
43,117,146
43,118,147
43,119,148
43,120,149
43,121,150
43,122,151
43,123,152
43,124,153
43,125,154
43,126,155
43,127,156
43,128,157
43,129,158
43,130,159
43,131,160
43,132,161
43,133,162
43,134,163
43,135,164
43,136,165
43,137,166
43,138,167
43,139,168
43,140,169
43,141,170
43,142,171
43,143,172
43,144,173
43,145,174
43,146,175
43,147,176
43,148,177
43,149,178
43,150,179
43,151,180
43,152,181
43,153,182
43,154,183
43,155,184
43,156,185
43,157,186
43,158,187
43,159,188
43,160,189
43,161,190
43,162,191
43,163,192
43,164,193
43,165,194
43,166,195
43,167,196
43,168,197
43,169,198
43,170,199
43,171,200
43,172,201
43,173,202
43,174,203
43,175,204
43,176,205
43,177,206
43,178,207
44,1,30
44,2,31
44,3,32
44,4,33
44,5,34
44,6,35
44,7,36
44,8,37
44,9,38
44,10,39
44,11,40
44,12,41
44,13,42
44,14,43
44,15,44
44,16,45
44,17,46
44,18,47
44,19,48
44,20,49
44,21,50
44,22,51
44,23,52
44,24,53
44,25,54
44,26,55
44,27,56
44,28,57
44,29,58
44,30,59
44,31,60
44,32,61
44,33,62
44,34,63
44,35,64
44,36,65
44,37,66
44,38,67
44,39,68
44,40,69
44,41,70
44,42,71
44,43,72
44,44,73
44,45,74
44,46,75
44,47,76
44,48,77
44,49,78
44,50,79
44,51,80
44,52,81
44,53,82
44,54,83
44,55,84
44,56,85
44,57,86
44,58,87
44,59,88
44,60,89
44,61,90
44,62,91
44,63,92
44,64,93
44,65,94
44,66,95
44,67,96
44,68,97
44,69,98
44,70,99
44,71,100
44,72,101
44,73,102
44,74,103
44,75,104
44,76,105
44,77,106
44,78,107
44,79,108
44,80,109
44,81,110
44,82,111
44,83,112
44,84,113
44,85,114
44,86,115
44,87,116
44,88,117
44,89,118
44,90,119
44,91,120
44,92,121
44,93,122
44,94,123
44,95,124
44,96,125
44,97,126
44,98,127
44,99,128
44,100,129
44,101,130
44,102,131
44,103,132
44,104,133
44,105,134
44,106,135
44,107,136
44,108,137
44,109,138
44,110,139
44,111,140
44,112,141
44,113,142
44,114,143
44,115,144
44,116,145
44,117,146
44,118,147
44,119,148
44,120,149
44,121,150
44,122,151
44,123,152
44,124,153
44,125,154
44,126,155
44,127,156
44,128,157
44,129,158
44,130,159
44,131,160
44,132,161
44,133,162
44,134,163
44,135,164
44,136,165
44,137,166
44,138,167
44,139,168
44,140,169
44,141,170
44,142,171
44,143,172
44,144,173
44,145,174
44,146,175
44,147,176
44,148,177
44,149,178
44,150,179
44,151,180
44,152,181
44,153,182
44,154,183
44,155,184
44,156,185
44,157,186
44,158,187
44,159,188
44,160,189
44,161,190
44,162,191
44,163,192
45,1,30
45,2,31
45,3,32
45,4,33
45,5,34
45,6,35
45,7,36
45,8,37
45,9,38
45,10,39
45,11,40
45,12,41
45,13,42
45,14,43
45,15,44
45,16,45
45,17,46
45,18,47
45,19,48
45,20,49
45,21,50
45,22,51
45,23,52
45,24,53
45,25,54
45,26,55
45,27,56
45,28,57
45,29,58
45,30,59
45,31,60
45,32,61
45,33,62
45,34,63
45,35,64
45,36,65
45,37,66
45,38,67
45,39,68
45,40,69
45,41,70
45,42,71
45,43,72
45,44,73
45,45,74
45,46,75
45,47,76
45,48,77
45,49,78
45,50,79
45,51,80
45,52,81
45,53,82
45,54,83
45,55,84
45,56,85
45,57,86
45,58,87
45,59,88
45,60,89
45,61,90
45,62,91
45,63,92
45,64,93
45,65,94
45,66,95
45,67,96
45,68,97
45,69,98
45,70,99
45,71,100
45,72,101
45,73,102
45,74,103
45,75,104
45,76,105
45,77,106
45,78,107
45,79,108
45,80,109
45,81,110
45,82,111
45,83,112
45,84,113
45,85,114
45,86,115
45,87,116
45,88,117
45,89,118
45,90,119
45,91,120
45,92,121
45,93,122
45,94,123
45,95,124
45,96,125
45,97,126
45,98,127
45,99,128
45,100,129
45,101,130
45,102,131
45,103,132
45,104,133
45,105,134
45,106,135
45,107,136
45,108,137
45,109,138
45,110,139
45,111,140
45,112,141
45,113,142
45,114,143
45,115,144
45,116,145
45,117,146
45,118,147
45,119,148
45,120,149
45,121,150
45,122,151
45,123,152
45,124,153
45,125,154
45,126,155
45,127,156
45,128,157
45,129,158
46,1,30
46,2,31
46,3,32
46,4,33
46,5,34
46,6,35
46,7,36
46,8,37
46,9,38
46,10,39
46,11,40
46,12,41
46,13,42
46,14,43
46,15,44
46,16,45
46,17,46
46,18,47
46,19,48
46,20,49
46,21,50
46,22,51
46,23,52
46,24,53
46,25,54
46,26,55
46,27,56
46,28,57
46,29,58
46,30,59
46,31,60
46,32,61
46,33,62
46,34,63
46,35,64
46,36,65
46,37,66
46,38,67
46,39,68
46,40,69
46,41,70
46,42,71
46,43,72
46,44,73
46,45,74
46,46,75
46,47,76
46,48,77
46,49,78
46,50,79
46,51,80
46,52,81
46,53,82
46,54,83
46,55,84
46,56,85
46,57,86
46,58,87
46,59,88
46,60,89
46,61,90
46,62,91
46,63,92
46,64,93
46,65,94
46,66,95
46,67,96
46,68,97
46,69,98
46,70,99
46,71,100
46,72,101
46,73,102
46,74,103
46,75,104
46,76,105
46,77,106
46,78,107
46,79,108
46,80,109
46,81,110
46,82,111
46,83,112
46,84,113
46,85,114
46,86,115
46,87,116
46,88,117
46,89,118
46,90,119
46,91,120
46,92,121
46,93,122
46,94,123
46,95,124
46,96,125
46,97,126
46,98,127
46,99,128
46,100,129
46,101,130
46,102,131
46,103,132
46,104,133
46,105,134
46,106,135
46,107,136
46,108,137
46,109,138
46,110,139
46,111,140
46,112,141
46,113,142
46,114,143
46,115,144
46,116,145
46,117,146
46,118,147
46,119,148
46,120,149
46,121,150
46,122,151
46,123,152
46,124,153
46,125,154
46,126,155
46,127,156
46,128,157
46,129,158
46,130,159
46,131,160
46,132,161
46,133,162
46,134,163
46,135,164
46,136,165
46,137,166
46,138,167
46,139,168
46,140,169
46,141,170
46,142,171
46,143,172
46,144,173
46,145,174
46,146,175
46,147,176
46,148,177
46,149,178
46,150,179
46,151,180
46,152,181
46,153,182
46,154,183
46,155,184
46,156,185
46,157,186
46,158,187
46,159,188
46,160,189
46,161,190
46,162,191
46,163,192
46,164,193
46,165,194
46,166,195
46,167,196
46,168,197
46,169,198
46,170,199
46,171,200
46,172,201
46,173,202
46,174,203
46,175,204
46,176,205
46,177,206
46,178,207
46,179,208
46,180,209
46,181,210
46,182,211
46,183,212
46,184,213
46,185,214
46,186,215
46,187,216
46,188,217
46,189,218
46,190,219
46,191,220
46,192,221
46,193,222
46,194,223
46,195,224
46,196,225
46,197,226
46,198,227
46,199,228
46,200,229
46,201,230
46,202,231
46,203,232
46,204,233
46,205,234
46,206,235
46,207,236
46,208,237
46,209,238
46,210,239
46,211,240
46,212,241
46,213,242
46,214,243
46,215,244
46,216,245
46,217,246
46,218,247
46,219,248
46,220,249
46,221,250
46,222,251
46,223,252
46,224,253
46,225,254
46,226,255
46,227,256
47,1,30
47,2,31
47,3,32
47,4,33
47,5,34
47,6,35
47,7,36
47,8,37
47,9,38
47,10,39
47,11,40
47,12,41
47,13,42
47,14,43
47,15,44
47,16,45
47,17,46
47,18,47
47,19,48
47,20,49
47,21,50
47,22,51
47,23,52
47,24,53
47,25,54
47,26,55
47,27,56
47,28,57
47,29,58
47,30,59
47,31,60
47,32,61
47,33,62
47,34,63
47,35,64
47,36,65
47,37,66
47,38,67
47,39,68
47,40,69
47,41,70
47,42,71
47,43,72
47,44,73
47,45,74
47,46,75
47,47,76
47,48,77
47,49,78
47,50,79
47,51,80
47,52,81
47,53,82
47,54,83
47,55,84
47,56,85
47,57,86
47,58,87
47,59,88
47,60,89
47,61,90
47,62,91
47,63,92
47,64,93
47,65,94
47,66,95
47,67,96
47,68,97
47,69,98
47,70,99
47,71,100
47,72,101
47,73,102
47,74,103
47,75,104
47,76,105
47,77,106
47,78,107
47,79,108
47,80,109
47,81,110
47,82,111
47,83,112
47,84,113
47,85,114
47,86,115
47,87,116
47,88,117
47,89,118
47,90,119
47,91,120
47,92,121
47,93,122
47,94,123
47,95,124
47,96,125
47,97,126
47,98,127
47,99,128
47,100,129
47,101,130
47,102,131
47,103,132
47,104,133
47,105,134
47,106,135
47,107,136
47,108,137
47,109,138
47,110,139
47,111,140
47,112,141
47,113,142
47,114,143
47,115,144
47,116,145
47,117,146
47,118,147
47,119,148
47,120,149
47,121,150
47,122,151
47,123,152
47,124,153
47,125,154
47,126,155
47,127,156
47,128,157
47,129,158
47,130,159
47,131,160
47,132,161
47,133,162
47,134,163
47,135,164
47,136,165
47,137,166
47,138,167
47,139,168
47,140,169
47,141,170
47,142,171
47,143,172
47,144,173
47,145,174
47,146,175
47,147,176
47,148,177
47,149,178
47,150,179
47,151,180
47,152,181
47,153,182
47,154,183
47,155,184
47,156,185
47,157,186
47,158,187
47,159,188
47,160,189
47,161,190
47,162,191
47,163,192
47,164,193
47,165,194
47,166,195
47,167,196
47,168,197
47,169,198
47,170,199
47,171,200
47,172,201
47,173,202
47,174,203
47,175,204
47,176,205
47,177,206
47,178,207
47,179,208
47,180,209
47,181,210
47,182,211
47,183,212
47,184,213
47,185,214
48,1,30
48,2,31
48,3,32
48,4,33
48,5,34
48,6,35
48,7,36
48,8,37
48,9,38
48,10,39
48,11,40
48,12,41
48,13,42
48,14,43
48,15,44
48,16,45
48,17,46
48,18,47
48,19,48
48,20,49
48,21,50
48,22,51
48,23,52
48,24,53
48,25,54
48,26,55
48,27,56
48,28,57
48,29,58
48,30,59
48,31,60
48,32,61
48,33,62
48,34,63
48,35,64
48,36,65
48,37,66
48,38,67
48,39,68
48,40,69
48,41,70
48,42,71
48,43,72
48,44,73
48,45,74
48,46,75
48,47,76
48,48,77
48,49,78
48,50,79
48,51,80
48,52,81
48,53,82
48,54,83
48,55,84
48,56,85
48,57,86
48,58,87
48,59,88
48,60,89
48,61,90
48,62,91
48,63,92
48,64,93
48,65,94
48,66,95
48,67,96
48,68,97
48,69,98
48,70,99
48,71,100
48,72,101
48,73,102
48,74,103
48,75,104
48,76,105
48,77,106
48,78,107
48,79,108
48,80,109
48,81,110
48,82,111
48,83,112
48,84,113
48,85,114
48,86,115
48,87,116
48,88,117
48,89,118
48,90,119
48,91,120
48,92,121
48,93,122
48,94,123
48,95,124
48,96,125
48,97,126
48,98,127
48,99,128
48,100,129
48,101,130
48,102,131
48,103,132
48,104,133
48,105,134
48,106,135
48,107,136
48,108,137
48,109,138
48,110,139
48,111,140
48,112,141
48,113,142
48,114,143
48,115,144
48,116,145
48,117,146
48,118,147
48,119,148
48,120,149
48,121,150
48,122,151
48,123,152
48,124,153
48,125,154
48,126,155
48,127,156
48,128,157
48,129,158
48,130,159
48,131,160
48,132,161
48,133,162
48,134,163
48,135,164
48,136,165
48,137,166
48,138,167
48,139,168
48,140,169
48,141,170
48,142,171
48,143,172
48,144,173
48,145,174
48,146,175
48,147,176
48,148,177
48,149,178
48,150,179
48,151,180
48,152,181
48,153,182
48,154,183
48,155,184
48,156,185
48,157,186
48,158,187
48,159,188
48,160,189
48,161,190
48,162,191
48,163,192
48,164,193
48,165,194
48,166,195
48,167,196
48,168,197
48,169,198
48,170,199
48,171,200
48,172,201
48,173,202
48,174,203
48,175,204
48,176,205
48,177,206
48,178,207
48,179,208
48,180,209
48,181,210
48,182,211
48,183,212
48,184,213
48,185,214
48,186,215
48,187,216
48,188,217
48,189,218
48,190,219
48,191,220
48,192,221
48,193,222
48,194,223
48,195,224
48,196,225
48,197,226
48,198,227
48,199,228
48,200,229
48,201,230
48,202,231
49,1,30
49,2,31
49,3,32
49,4,33
49,5,34
49,6,35
49,7,36
49,8,37
49,9,38
49,10,39
49,11,40
49,12,41
49,13,42
49,14,43
49,15,44
49,16,45
49,17,46
49,18,47
49,19,48
49,20,49
49,21,50
49,22,51
49,23,52
49,24,53
49,25,54
49,26,55
49,27,56
49,28,57
49,29,58
49,30,59
49,31,60
49,32,61
49,33,62
49,34,63
49,35,64
49,36,65
49,37,66
49,38,67
49,39,68
49,40,69
49,41,70
49,42,71
49,43,72
49,44,73
49,45,74
49,46,75
49,47,76
49,48,77
49,49,78
49,50,79
49,51,80
49,52,81
49,53,82
49,54,83
49,55,84
49,56,85
49,57,86
49,58,87
49,59,88
49,60,89
49,61,90
49,62,91
49,63,92
49,64,93
49,65,94
49,66,95
49,67,96
49,68,97
49,69,98
49,70,99
49,71,100
49,72,101
49,73,102
49,74,103
49,75,104
49,76,105
49,77,106
49,78,107
49,79,108
49,80,109
49,81,110
49,82,111
49,83,112
49,84,113
49,85,114
49,86,115
49,87,116
49,88,117
49,89,118
49,90,119
49,91,120
49,92,121
49,93,122
49,94,123
49,95,124
49,96,125
49,97,126
49,98,127
49,99,128
49,100,129
49,101,130
49,102,131
49,103,132
49,104,133
49,105,134
49,106,135
49,107,136
49,108,137
49,109,138
49,110,139
49,111,140
49,112,141
49,113,142
49,114,143
49,115,144
49,116,145
49,117,146
49,118,147
49,119,148
49,120,149
49,121,150
49,122,151
49,123,152
49,124,153
49,125,154
49,126,155
49,127,156
49,128,157
49,129,158
49,130,159
49,131,160
49,132,161
49,133,162
49,134,163
49,135,164
49,136,165
49,137,166
49,138,167
49,139,168
49,140,169
49,141,170
49,142,171
49,143,172
49,144,173
49,145,174
49,146,175
49,147,176
49,148,177
49,149,178
49,150,179
49,151,180
49,152,181
49,153,182
49,154,183
49,155,184
49,156,185
49,157,186
49,158,187
49,159,188
49,160,189
49,161,190
49,162,191
49,163,192
49,164,193
49,165,194
49,166,195
49,167,196
49,168,197
49,169,198
49,170,199
49,171,200
49,172,201
49,173,202
49,174,203
49,175,204
49,176,205
49,177,206
49,178,207
49,179,208
49,180,209
49,181,210
49,182,211
49,183,212
49,184,213
49,185,214
49,186,215
50,1,30
50,2,31
50,3,32
50,4,33
50,5,34
50,6,35
50,7,36
50,8,37
50,9,38
50,10,39
50,11,40
50,12,41
50,13,42
50,14,43
50,15,44
50,16,45
50,17,46
50,18,47
50,19,48
50,20,49
50,21,50
50,22,51
50,23,52
50,24,53
50,25,54
50,26,55
50,27,56
50,28,57
50,29,58
50,30,59
50,31,60
50,32,61
50,33,62
50,34,63
50,35,64
50,36,65
50,37,66
50,38,67
50,39,68
50,40,69
50,41,70
50,42,71
50,43,72
50,44,73
50,45,74
50,46,75
50,47,76
50,48,77
50,49,78
50,50,79
50,51,80
50,52,81
50,53,82
50,54,83
50,55,84
50,56,85
50,57,86
50,58,87
50,59,88
50,60,89
50,61,90
50,62,91
50,63,92
50,64,93
50,65,94
50,66,95
50,67,96
50,68,97
50,69,98
50,70,99
50,71,100
50,72,101
50,73,102
50,74,103
50,75,104
50,76,105
50,77,106
50,78,107
50,79,108
50,80,109
50,81,110
50,82,111
50,83,112
50,84,113
50,85,114
50,86,115
50,87,116
50,88,117
50,89,118
50,90,119
50,91,120
50,92,121
50,93,122
50,94,123
50,95,124
50,96,125
50,97,126
50,98,127
50,99,128
50,100,129
50,101,130
50,102,131
50,103,132
50,104,133
50,105,134
50,106,135
50,107,136
50,108,137
50,109,138
50,110,139
50,111,140
50,112,141
50,113,142
50,114,143
50,115,144
50,116,145
50,117,146
50,118,147
50,119,148
50,120,149
50,121,150
50,122,151
50,123,152
50,124,153
50,125,154
50,126,155
50,127,156
50,128,157
50,129,158
50,130,159
50,131,160
50,132,161
50,133,162
50,134,163
50,135,164
50,136,165
50,137,166
50,138,167
50,139,168
50,140,169
50,141,170
50,142,171
50,143,172
50,144,173
50,145,174
50,146,175
50,147,176
50,148,177
50,149,178
50,150,179
50,151,180
50,152,181
50,153,182
50,154,183
50,155,184
50,156,185
50,157,186
50,158,187
50,159,188
50,160,189
50,161,190
50,162,191
50,163,192
50,164,193
50,165,194
50,166,195
50,167,196
50,168,197
50,169,198
51,1,30
51,2,31
51,3,32
51,4,33
51,5,34
51,6,35
51,7,36
51,8,37
51,9,38
51,10,39
51,11,40
51,12,41
51,13,42
51,14,43
51,15,44
51,16,45
51,17,46
51,18,47
51,19,48
51,20,49
51,21,50
51,22,51
51,23,52
51,24,53
51,25,54
51,26,55
51,27,56
51,28,57
51,29,58
51,30,59
51,31,60
51,32,61
51,33,62
51,34,63
51,35,64
51,36,65
51,37,66
51,38,67
51,39,68
51,40,69
51,41,70
51,42,71
51,43,72
51,44,73
51,45,74
51,46,75
51,47,76
51,48,77
51,49,78
51,50,79
51,51,80
51,52,81
51,53,82
51,54,83
51,55,84
51,56,85
51,57,86
51,58,87
51,59,88
51,60,89
51,61,90
51,62,91
51,63,92
51,64,93
51,65,94
51,66,95
51,67,96
51,68,97
51,69,98
51,70,99
51,71,100
51,72,101
51,73,102
51,74,103
51,75,104
51,76,105
51,77,106
51,78,107
51,79,108
51,80,109
51,81,110
51,82,111
51,83,112
51,84,113
51,85,114
51,86,115
51,87,116
51,88,117
51,89,118
51,90,119
51,91,120
51,92,121
51,93,122
51,94,123
51,95,124
51,96,125
51,97,126
51,98,127
51,99,128
51,100,129
51,101,130
51,102,131
51,103,132
51,104,133
51,105,134
51,106,135
51,107,136
51,108,137
51,109,138
51,110,139
51,111,140
51,112,141
51,113,142
51,114,143
51,115,144
51,116,145
51,117,146
51,118,147
51,119,148
51,120,149
51,121,150
51,122,151
51,123,152
51,124,153
51,125,154
51,126,155
51,127,156
51,128,157
51,129,158
51,130,159
51,131,160
51,132,161
51,133,162
51,134,163
51,135,164
51,136,165
51,137,166
51,138,167
51,139,168
51,140,169
51,141,170
51,142,171
51,143,172
51,144,173
51,145,174
51,146,175
51,147,176
51,148,177
51,149,178
51,150,179
51,151,180
51,152,181
51,153,182
51,154,183
51,155,184
51,156,185
51,157,186
51,158,187
51,159,188
51,160,189
51,161,190
51,162,191
51,163,192
51,164,193
51,165,194
51,166,195
51,167,196
51,168,197
51,169,198
51,170,199
51,171,200
51,172,201
51,173,202
51,174,203
51,175,204
51,176,205
51,177,206
51,178,207
51,179,208
51,180,209
51,181,210
51,182,211
51,183,212
51,184,213
52,1,30
52,2,31
52,3,32
52,4,33
52,5,34
52,6,35
52,7,36
52,8,37
52,9,38
52,10,39
52,11,40
52,12,41
52,13,42
52,14,43
52,15,44
52,16,45
52,17,46
52,18,47
52,19,48
52,20,49
52,21,50
52,22,51
52,23,52
52,24,53
52,25,54
52,26,55
52,27,56
52,28,57
52,29,58
52,30,59
52,31,60
52,32,61
52,33,62
52,34,63
52,35,64
52,36,65
52,37,66
52,38,67
52,39,68
52,40,69
52,41,70
52,42,71
52,43,72
52,44,73
52,45,74
52,46,75
52,47,76
52,48,77
52,49,78
52,50,79
52,51,80
52,52,81
52,53,82
52,54,83
52,55,84
52,56,85
52,57,86
52,58,87
52,59,88
52,60,89
52,61,90
52,62,91
52,63,92
52,64,93
52,65,94
52,66,95
52,67,96
52,68,97
52,69,98
52,70,99
52,71,100
52,72,101
52,73,102
52,74,103
52,75,104
52,76,105
52,77,106
52,78,107
52,79,108
52,80,109
52,81,110
52,82,111
52,83,112
52,84,113
52,85,114
52,86,115
52,87,116
52,88,117
52,89,118
52,90,119
52,91,120
52,92,121
52,93,122
52,94,123
52,95,124
52,96,125
52,97,126
52,98,127
52,99,128
52,100,129
52,101,130
52,102,131
52,103,132
52,104,133
52,105,134
52,106,135
52,107,136
52,108,137
52,109,138
52,110,139
52,111,140
52,112,141
52,113,142
52,114,143
52,115,144
52,116,145
52,117,146
52,118,147
52,119,148
52,120,149
52,121,150
52,122,151
52,123,152
52,124,153
52,125,154
52,126,155
52,127,156
52,128,157
52,129,158
52,130,159
52,131,160
52,132,161
52,133,162
52,134,163
52,135,164
52,136,165
52,137,166
52,138,167
52,139,168
52,140,169
52,141,170
52,142,171
52,143,172
52,144,173
52,145,174
52,146,175
52,147,176
52,148,177
52,149,178
52,150,179
52,151,180
52,152,181
52,153,182
52,154,183
52,155,184
52,156,185
52,157,186
52,158,187
52,159,188
52,160,189
52,161,190
52,162,191
52,163,192
52,164,193
52,165,194
52,166,195
52,167,196
52,168,197
52,169,198
52,170,199
52,171,200
52,172,201
52,173,202
52,174,203
52,175,204
52,176,205
52,177,206
52,178,207
52,179,208
52,180,209
52,181,210
52,182,211
52,183,212
52,184,213
53,1,30
53,2,31
53,3,32
53,4,33
53,5,34
53,6,35
53,7,36
53,8,37
53,9,38
53,10,39
53,11,40
53,12,41
53,13,42
53,14,43
53,15,44
53,16,45
53,17,46
53,18,47
53,19,48
53,20,49
53,21,50
53,22,51
53,23,52
53,24,53
53,25,54
53,26,55
53,27,56
53,28,57
53,29,58
53,30,59
53,31,60
53,32,61
53,33,62
53,34,63
53,35,64
53,36,65
53,37,66
53,38,67
53,39,68
53,40,69
53,41,70
53,42,71
53,43,72
53,44,73
53,45,74
53,46,75
53,47,76
53,48,77
53,49,78
53,50,79
53,51,80
53,52,81
53,53,82
53,54,83
53,55,84
53,56,85
53,57,86
53,58,87
53,59,88
53,60,89
53,61,90
53,62,91
53,63,92
53,64,93
53,65,94
53,66,95
53,67,96
53,68,97
53,69,98
53,70,99
53,71,100
53,72,101
53,73,102
53,74,103
53,75,104
53,76,105
53,77,106
53,78,107
53,79,108
53,80,109
53,81,110
53,82,111
53,83,112
53,84,113
53,85,114
53,86,115
53,87,116
53,88,117
53,89,118
53,90,119
53,91,120
53,92,121
53,93,122
53,94,123
53,95,124
53,96,125
53,97,126
53,98,127
53,99,128
53,100,129
53,101,130
53,102,131
53,103,132
53,104,133
53,105,134
53,106,135
53,107,136
53,108,137
53,109,138
53,110,139
53,111,140
53,112,141
53,113,142
53,114,143
53,115,144
53,116,145
53,117,146
53,118,147
53,119,148
53,120,149
53,121,150
53,122,151
53,123,152
53,124,153
53,125,154
53,126,155
53,127,156
53,128,157
53,129,158
53,130,159
53,131,160
53,132,161
53,133,162
53,134,163
53,135,164
53,136,165
53,137,166
53,138,167
53,139,168
53,140,169
53,141,170
53,142,171
53,143,172
53,144,173
53,145,174
53,146,175
53,147,176
53,148,177
53,149,178
53,150,179
53,151,180
53,152,181
53,153,182
53,154,183
53,155,184
53,156,185
53,157,186
53,158,187
53,159,188
53,160,189
53,161,190
53,162,191
53,163,192
53,164,193
53,165,194
53,166,195
54,1,30
54,2,31
54,3,32
54,4,33
54,5,34
54,6,35
54,7,36
54,8,37
54,9,38
54,10,39
54,11,40
54,12,41
54,13,42
54,14,43
54,15,44
54,16,45
54,17,46
54,18,47
54,19,48
54,20,49
54,21,50
54,22,51
54,23,52
54,24,53
54,25,54
54,26,55
54,27,56
54,28,57
54,29,58
54,30,59
54,31,60
54,32,61
54,33,62
54,34,63
54,35,64
54,36,65
54,37,66
54,38,67
54,39,68
54,40,69
54,41,70
54,42,71
54,43,72
54,44,73
54,45,74
54,46,75
54,47,76
54,48,77
54,49,78
54,50,79
54,51,80
54,52,81
54,53,82
54,54,83
54,55,84
54,56,85
54,57,86
54,58,87
54,59,88
54,60,89
54,61,90
54,62,91
54,63,92
54,64,93
54,65,94
54,66,95
54,67,96
54,68,97
54,69,98
54,70,99
54,71,100
54,72,101
54,73,102
54,74,103
54,75,104
54,76,105
54,77,106
54,78,107
54,79,108
54,80,109
54,81,110
54,82,111
54,83,112
54,84,113
54,85,114
54,86,115
54,87,116
54,88,117
54,89,118
54,90,119
54,91,120
54,92,121
54,93,122
54,94,123
54,95,124
54,96,125
54,97,126
54,98,127
54,99,128
54,100,129
54,101,130
54,102,131
54,103,132
54,104,133
54,105,134
54,106,135
54,107,136
54,108,137
54,109,138
54,110,139
54,111,140
54,112,141
54,113,142
54,114,143
54,115,144
54,116,145
54,117,146
54,118,147
54,119,148
54,120,149
54,121,150
54,122,151
54,123,152
54,124,153
54,125,154
54,126,155
54,127,156
54,128,157
54,129,158
54,130,159
54,131,160
54,132,161
54,133,162
54,134,163
54,135,164
54,136,165
54,137,166
54,138,167
54,139,168
54,140,169
54,141,170
54,142,171
54,143,172
54,144,173
54,145,174
54,146,175
54,147,176
54,148,177
54,149,178
54,150,179
54,151,180
54,152,181
54,153,182
54,154,183
54,155,184
54,156,185
54,157,186
54,158,187
54,159,188
54,160,189
54,161,190
54,162,191
54,163,192
54,164,193
54,165,194
54,166,195
54,167,196
54,168,197
54,169,198
54,170,199
54,171,200
54,172,201
54,173,202
54,174,203
54,175,204
54,176,205
54,177,206
54,178,207
54,179,208
54,180,209
54,181,210
54,182,211
54,183,212
54,184,213
54,185,214
54,186,215
54,187,216
54,188,217
54,189,218
54,190,219
54,191,220
54,192,221
54,193,222
54,194,223
54,195,224
54,196,225
54,197,226
54,198,227
54,199,228
54,200,229
54,201,230
54,202,231
54,203,232
54,204,233
54,205,234
54,206,235
54,207,236
54,208,237
54,209,238
54,210,239
54,211,240
54,212,241
54,213,242
54,214,243
54,215,244
54,216,245
54,217,246
54,218,247
54,219,248
54,220,249
54,221,250
54,222,251
54,223,252
54,224,253
54,225,254
54,226,255
54,227,256
54,228,257
55,1,30
55,2,31
55,3,32
55,4,33
55,5,34
55,6,35
55,7,36
55,8,37
55,9,38
55,10,39
55,11,40
55,12,41
55,13,42
55,14,43
55,15,44
55,16,45
55,17,46
55,18,47
55,19,48
55,20,49
55,21,50
55,22,51
55,23,52
55,24,53
55,25,54
55,26,55
55,27,56
55,28,57
55,29,58
55,30,59
55,31,60
55,32,61
55,33,62
55,34,63
55,35,64
55,36,65
55,37,66
55,38,67
55,39,68
55,40,69
55,41,70
55,42,71
55,43,72
55,44,73
55,45,74
55,46,75
55,47,76
55,48,77
55,49,78
55,50,79
55,51,80
55,52,81
55,53,82
55,54,83
55,55,84
55,56,85
55,57,86
55,58,87
55,59,88
55,60,89
55,61,90
55,62,91
55,63,92
55,64,93
55,65,94
55,66,95
55,67,96
55,68,97
55,69,98
55,70,99
55,71,100
55,72,101
55,73,102
55,74,103
55,75,104
55,76,105
55,77,106
55,78,107
55,79,108
55,80,109
55,81,110
55,82,111
55,83,112
55,84,113
55,85,114
55,86,115
55,87,116
55,88,117
55,89,118
55,90,119
55,91,120
55,92,121
55,93,122
55,94,123
55,95,124
55,96,125
55,97,126
55,98,127
55,99,128
55,100,129
55,101,130
55,102,131
55,103,132
55,104,133
55,105,134
55,106,135
55,107,136
55,108,137
55,109,138
55,110,139
55,111,140
55,112,141
55,113,142
55,114,143
55,115,144
55,116,145
55,117,146
55,118,147
55,119,148
55,120,149
55,121,150
55,122,151
55,123,152
55,124,153
55,125,154
55,126,155
55,127,156
55,128,157
55,129,158
55,130,159
55,131,160
55,132,161
55,133,162
55,134,163
55,135,164
55,136,165
55,137,166
55,138,167
55,139,168
55,140,169
55,141,170
55,142,171
55,143,172
55,144,173
55,145,174
55,146,175
55,147,176
55,148,177
55,149,178
55,150,179
55,151,180
55,152,181
55,153,182
55,154,183
55,155,184
55,156,185
55,157,186
55,158,187
55,159,188
55,160,189
55,161,190
55,162,191
55,163,192
55,164,193
56,1,30
56,2,31
56,3,32
56,4,33
56,5,34
56,6,35
56,7,36
56,8,37
56,9,38
56,10,39
56,11,40
56,12,41
56,13,42
56,14,43
56,15,44
56,16,45
56,17,46
56,18,47
56,19,48
56,20,49
56,21,50
56,22,51
56,23,52
56,24,53
56,25,54
56,26,55
56,27,56
56,28,57
56,29,58
56,30,59
56,31,60
56,32,61
56,33,62
56,34,63
56,35,64
56,36,65
56,37,66
56,38,67
56,39,68
56,40,69
56,41,70
56,42,71
56,43,72
56,44,73
56,45,74
56,46,75
56,47,76
56,48,77
56,49,78
56,50,79
56,51,80
56,52,81
56,53,82
56,54,83
56,55,84
56,56,85
56,57,86
56,58,87
56,59,88
56,60,89
56,61,90
56,62,91
56,63,92
56,64,93
56,65,94
56,66,95
56,67,96
56,68,97
56,69,98
56,70,99
56,71,100
56,72,101
56,73,102
56,74,103
56,75,104
56,76,105
56,77,106
56,78,107
56,79,108
56,80,109
56,81,110
56,82,111
56,83,112
56,84,113
56,85,114
56,86,115
56,87,116
56,88,117
56,89,118
56,90,119
56,91,120
56,92,121
56,93,122
56,94,123
56,95,124
56,96,125
56,97,126
56,98,127
56,99,128
56,100,129
56,101,130
56,102,131
56,103,132
56,104,133
56,105,134
56,106,135
56,107,136
56,108,137
56,109,138
56,110,139
56,111,140
56,112,141
56,113,142
56,114,143
56,115,144
56,116,145
56,117,146
56,118,147
56,119,148
56,120,149
56,121,150
56,122,151
56,123,152
56,124,153
56,125,154
56,126,155
56,127,156
56,128,157
56,129,158
56,130,159
56,131,160
56,132,161
56,133,162
56,134,163
56,135,164
56,136,165
56,137,166
56,138,167
56,139,168
56,140,169
56,141,170
56,142,171
56,143,172
56,144,173
56,145,174
56,146,175
56,147,176
56,148,177
56,149,178
56,150,179
56,151,180
56,152,181
56,153,182
56,154,183
56,155,184
56,156,185
56,157,186
56,158,187
56,159,188
56,160,189
56,161,190
56,162,191
56,163,192
56,164,193
56,165,194
56,166,195
56,167,196
56,168,197
56,169,198
56,170,199
56,171,200
56,172,201
56,173,202
56,174,203
56,175,204
56,176,205
56,177,206
56,178,207
56,179,208
56,180,209
56,181,210
56,182,211
56,183,212
56,184,213
56,185,214
56,186,215
56,187,216
56,188,217
56,189,218
56,190,219
56,191,220
56,192,221
56,193,222
56,194,223
56,195,224
56,196,225
56,197,226
56,198,227
56,199,228
56,200,229
56,201,230
56,202,231
56,203,232
56,204,233
56,205,234
56,206,235
56,207,236
56,208,237
56,209,238
56,210,239
56,211,240
56,212,241
56,213,242
56,214,243
56,215,244
56,216,245
56,217,246
56,218,247
56,219,248
56,220,249
56,221,250
56,222,251
56,223,252
56,224,253
56,225,254
56,226,255
56,227,256
56,228,257
56,229,258
56,230,259
56,231,260
56,232,261
56,233,262
56,234,263
56,235,264
56,236,265
56,237,266
56,238,267
56,239,268
56,240,269
56,241,270
56,242,271
56,243,272
56,244,273
56,245,274
56,246,275
57,1,30
57,2,31
57,3,32
57,4,33
57,5,34
57,6,35
57,7,36
57,8,37
57,9,38
57,10,39
57,11,40
57,12,41
57,13,42
57,14,43
57,15,44
57,16,45
57,17,46
57,18,47
57,19,48
57,20,49
57,21,50
57,22,51
57,23,52
57,24,53
57,25,54
57,26,55
57,27,56
57,28,57
57,29,58
57,30,59
57,31,60
57,32,61
57,33,62
57,34,63
57,35,64
57,36,65
57,37,66
57,38,67
57,39,68
57,40,69
57,41,70
57,42,71
57,43,72
57,44,73
57,45,74
57,46,75
57,47,76
57,48,77
57,49,78
57,50,79
57,51,80
57,52,81
57,53,82
57,54,83
57,55,84
57,56,85
57,57,86
57,58,87
57,59,88
57,60,89
57,61,90
57,62,91
57,63,92
57,64,93
57,65,94
57,66,95
57,67,96
57,68,97
57,69,98
57,70,99
57,71,100
57,72,101
57,73,102
57,74,103
57,75,104
57,76,105
57,77,106
57,78,107
57,79,108
57,80,109
57,81,110
57,82,111
57,83,112
57,84,113
57,85,114
57,86,115
57,87,116
57,88,117
57,89,118
57,90,119
57,91,120
57,92,121
57,93,122
57,94,123
57,95,124
57,96,125
57,97,126
57,98,127
57,99,128
57,100,129
57,101,130
57,102,131
57,103,132
57,104,133
57,105,134
57,106,135
57,107,136
57,108,137
58,1,30
58,2,31
58,3,32
58,4,33
58,5,34
58,6,35
58,7,36
58,8,37
58,9,38
58,10,39
58,11,40
58,12,41
58,13,42
58,14,43
58,15,44
58,16,45
58,17,46
58,18,47
58,19,48
58,20,49
58,21,50
58,22,51
58,23,52
58,24,53
58,25,54
58,26,55
58,27,56
58,28,57
58,29,58
58,30,59
58,31,60
58,32,61
58,33,62
58,34,63
58,35,64
58,36,65
58,37,66
58,38,67
58,39,68
58,40,69
58,41,70
58,42,71
58,43,72
58,44,73
58,45,74
58,46,75
58,47,76
58,48,77
58,49,78
58,50,79
58,51,80
58,52,81
58,53,82
58,54,83
58,55,84
58,56,85
58,57,86
58,58,87
58,59,88
58,60,89
58,61,90
58,62,91
58,63,92
58,64,93
58,65,94
58,66,95
58,67,96
58,68,97
58,69,98
58,70,99
58,71,100
58,72,101
58,73,102
58,74,103
58,75,104
58,76,105
58,77,106
58,78,107
58,79,108
58,80,109
58,81,110
58,82,111
58,83,112
58,84,113
58,85,114
58,86,115
58,87,116
58,88,117
58,89,118
58,90,119
58,91,120
58,92,121
58,93,122
58,94,123
58,95,124
58,96,125
58,97,126
58,98,127
58,99,128
58,100,129
58,101,130
58,102,131
58,103,132
58,104,133
58,105,134
58,106,135
58,107,136
58,108,137
58,109,138
58,110,139
58,111,140
58,112,141
58,113,142
58,114,143
58,115,144
58,116,145
58,117,146
58,118,147
59,1,30
59,2,31
59,3,32
59,4,33
59,5,34
59,6,35
59,7,36
59,8,37
59,9,38
59,10,39
59,11,40
59,12,41
59,13,42
59,14,43
59,15,44
59,16,45
59,17,46
59,18,47
59,19,48
59,20,49
59,21,50
59,22,51
59,23,52
59,24,53
59,25,54
59,26,55
59,27,56
59,28,57
59,29,58
59,30,59
59,31,60
59,32,61
59,33,62
59,34,63
59,35,64
59,36,65
59,37,66
59,38,67
59,39,68
59,40,69
59,41,70
59,42,71
59,43,72
59,44,73
59,45,74
59,46,75
59,47,76
59,48,77
59,49,78
59,50,79
59,51,80
59,52,81
59,53,82
59,54,83
59,55,84
59,56,85
59,57,86
59,58,87
59,59,88
59,60,89
59,61,90
59,62,91
59,63,92
59,64,93
59,65,94
59,66,95
59,67,96
59,68,97
59,69,98
59,70,99
59,71,100
59,72,101
59,73,102
59,74,103
59,75,104
59,76,105
59,77,106
59,78,107
59,79,108
59,80,109
59,81,110
59,82,111
59,83,112
59,84,113
59,85,114
59,86,115
59,87,116
59,88,117
59,89,118
59,90,119
59,91,120
59,92,121
59,93,122
59,94,123
59,95,124
59,96,125
59,97,126
59,98,127
59,99,128
59,100,129
59,101,130
59,102,131
59,103,132
59,104,133
59,105,134
59,106,135
59,107,136
59,108,137
59,109,138
59,110,139
59,111,140
59,112,141
59,113,142
59,114,143
59,115,144
59,116,145
59,117,146
59,118,147
59,119,148
59,120,149
59,121,150
59,122,151
59,123,152
59,124,153
59,125,154
59,126,155
59,127,156
59,128,157
59,129,158
59,130,159
59,131,160
59,132,161
59,133,162
59,134,163
59,135,164
59,136,165
59,137,166
59,138,167
59,139,168
59,140,169
59,141,170
59,142,171
59,143,172
59,144,173
59,145,174
59,146,175
59,147,176
59,148,177
59,149,178
59,150,179
59,151,180
59,152,181
59,153,182
59,154,183
59,155,184
59,156,185
59,157,186
59,158,187
59,159,188
59,160,189
59,161,190
59,162,191
59,163,192
59,164,193
59,165,194
59,166,195
59,167,196
59,168,197
59,169,198
59,170,199
59,171,200
59,172,201
59,173,202
59,174,203
59,175,204
59,176,205
59,177,206
59,178,207
59,179,208
59,180,209
59,181,210
59,182,211
59,183,212
59,184,213
59,185,214
59,186,215
59,187,216
59,188,217
59,189,218
59,190,219
59,191,220
59,192,221
59,193,222
59,194,223
59,195,224
59,196,225
59,197,226
59,198,227
59,199,228
59,200,229
59,201,230
59,202,231
60,1,30
60,2,31
60,3,32
60,4,33
60,5,34
60,6,35
60,7,36
60,8,37
60,9,38
60,10,39
60,11,40
60,12,41
60,13,42
60,14,43
60,15,44
60,16,45
60,17,46
60,18,47
60,19,48
60,20,49
60,21,50
60,22,51
60,23,52
60,24,53
60,25,54
60,26,55
60,27,56
60,28,57
60,29,58
60,30,59
60,31,60
60,32,61
60,33,62
60,34,63
60,35,64
60,36,65
60,37,66
60,38,67
60,39,68
60,40,69
60,41,70
60,42,71
60,43,72
60,44,73
60,45,74
60,46,75
60,47,76
60,48,77
60,49,78
60,50,79
60,51,80
60,52,81
60,53,82
60,54,83
60,55,84
60,56,85
60,57,86
60,58,87
60,59,88
60,60,89
60,61,90
60,62,91
60,63,92
60,64,93
60,65,94
60,66,95
60,67,96
60,68,97
60,69,98
60,70,99
60,71,100
60,72,101
60,73,102
60,74,103
60,75,104
60,76,105
60,77,106
60,78,107
60,79,108
60,80,109
60,81,110
60,82,111
60,83,112
60,84,113
60,85,114
60,86,115
60,87,116
60,88,117
60,89,118
60,90,119
60,91,120
60,92,121
60,93,122
60,94,123
60,95,124
60,96,125
60,97,126
60,98,127
60,99,128
60,100,129
60,101,130
60,102,131
60,103,132
60,104,133
60,105,134
60,106,135
60,107,136
60,108,137
60,109,138
60,110,139
60,111,140
60,112,141
60,113,142
60,114,143
60,115,144
60,116,145
60,117,146
60,118,147
60,119,148
60,120,149
60,121,150
60,122,151
60,123,152
60,124,153
60,125,154
60,126,155
60,127,156
60,128,157
60,129,158
60,130,159
60,131,160
60,132,161
60,133,162
60,134,163
60,135,164
60,136,165
60,137,166
60,138,167
60,139,168
60,140,169
60,141,170
60,142,171
60,143,172
61,1,30
61,2,31
61,3,32
61,4,33
61,5,34
61,6,35
61,7,36
61,8,37
61,9,38
61,10,39
61,11,40
61,12,41
61,13,42
61,14,43
61,15,44
61,16,45
61,17,46
61,18,47
61,19,48
61,20,49
61,21,50
61,22,51
61,23,52
61,24,53
61,25,54
61,26,55
61,27,56
61,28,57
61,29,58
61,30,59
61,31,60
61,32,61
61,33,62
61,34,63
61,35,64
61,36,65
61,37,66
61,38,67
61,39,68
61,40,69
61,41,70
61,42,71
61,43,72
61,44,73
61,45,74
61,46,75
61,47,76
61,48,77
61,49,78
61,50,79
61,51,80
61,52,81
61,53,82
61,54,83
61,55,84
61,56,85
61,57,86
61,58,87
61,59,88
61,60,89
61,61,90
61,62,91
61,63,92
61,64,93
61,65,94
61,66,95
61,67,96
61,68,97
61,69,98
61,70,99
61,71,100
61,72,101
61,73,102
61,74,103
61,75,104
61,76,105
61,77,106
61,78,107
61,79,108
61,80,109
61,81,110
61,82,111
61,83,112
61,84,113
61,85,114
61,86,115
61,87,116
61,88,117
61,89,118
61,90,119
61,91,120
61,92,121
61,93,122
61,94,123
61,95,124
61,96,125
61,97,126
61,98,127
61,99,128
61,100,129
61,101,130
61,102,131
61,103,132
61,104,133
61,105,134
61,106,135
61,107,136
61,108,137
61,109,138
61,110,139
61,111,140
61,112,141
61,113,142
61,114,143
61,115,144
61,116,145
61,117,146
61,118,147
61,119,148
61,120,149
61,121,150
61,122,151
61,123,152
61,124,153
61,125,154
61,126,155
61,127,156
61,128,157
61,129,158
61,130,159
61,131,160
61,132,161
61,133,162
61,134,163
61,135,164
61,136,165
61,137,166
61,138,167
61,139,168
61,140,169
61,141,170
61,142,171
61,143,172
61,144,173
61,145,174
61,146,175
61,147,176
61,148,177
61,149,178
61,150,179
61,151,180
61,152,181
61,153,182
61,154,183
61,155,184
61,156,185
62,1,30
62,2,31
62,3,32
62,4,33
62,5,34
62,6,35
62,7,36
62,8,37
62,9,38
62,10,39
62,11,40
62,12,41
62,13,42
62,14,43
62,15,44
62,16,45
62,17,46
62,18,47
62,19,48
62,20,49
62,21,50
62,22,51
62,23,52
62,24,53
62,25,54
62,26,55
62,27,56
62,28,57
62,29,58
62,30,59
62,31,60
62,32,61
62,33,62
62,34,63
62,35,64
62,36,65
62,37,66
62,38,67
62,39,68
62,40,69
62,41,70
62,42,71
62,43,72
62,44,73
62,45,74
62,46,75
62,47,76
62,48,77
62,49,78
62,50,79
62,51,80
62,52,81
62,53,82
62,54,83
62,55,84
62,56,85
62,57,86
62,58,87
62,59,88
62,60,89
62,61,90
62,62,91
62,63,92
62,64,93
62,65,94
62,66,95
62,67,96
62,68,97
62,69,98
62,70,99
62,71,100
62,72,101
62,73,102
62,74,103
62,75,104
62,76,105
62,77,106
62,78,107
62,79,108
62,80,109
62,81,110
62,82,111
62,83,112
62,84,113
62,85,114
62,86,115
62,87,116
62,88,117
62,89,118
62,90,119
62,91,120
62,92,121
62,93,122
62,94,123
62,95,124
62,96,125
62,97,126
62,98,127
62,99,128
62,100,129
62,101,130
62,102,131
62,103,132
62,104,133
62,105,134
62,106,135
62,107,136
62,108,137
62,109,138
62,110,139
62,111,140
62,112,141
62,113,142
62,114,143
62,115,144
62,116,145
62,117,146
62,118,147
62,119,148
62,120,149
62,121,150
62,122,151
62,123,152
62,124,153
62,125,154
62,126,155
62,127,156
62,128,157
62,129,158
62,130,159
62,131,160
62,132,161
62,133,162
62,134,163
62,135,164
62,136,165
62,137,166
62,138,167
62,139,168
62,140,169
62,141,170
62,142,171
62,143,172
62,144,173
62,145,174
62,146,175
62,147,176
62,148,177
62,149,178
62,150,179
62,151,180
63,1,30
63,2,31
63,3,32
63,4,33
63,5,34
63,6,35
63,7,36
63,8,37
63,9,38
63,10,39
63,11,40
63,12,41
63,13,42
63,14,43
63,15,44
63,16,45
63,17,46
63,18,47
63,19,48
63,20,49
63,21,50
63,22,51
63,23,52
63,24,53
63,25,54
63,26,55
63,27,56
63,28,57
63,29,58
63,30,59
63,31,60
63,32,61
63,33,62
63,34,63
63,35,64
63,36,65
63,37,66
63,38,67
63,39,68
63,40,69
63,41,70
63,42,71
63,43,72
63,44,73
63,45,74
63,46,75
63,47,76
63,48,77
63,49,78
63,50,79
63,51,80
63,52,81
63,53,82
63,54,83
63,55,84
63,56,85
63,57,86
63,58,87
63,59,88
63,60,89
63,61,90
63,62,91
63,63,92
63,64,93
63,65,94
63,66,95
63,67,96
63,68,97
63,69,98
63,70,99
63,71,100
63,72,101
63,73,102
63,74,103
63,75,104
63,76,105
63,77,106
63,78,107
63,79,108
63,80,109
63,81,110
63,82,111
63,83,112
63,84,113
63,85,114
63,86,115
63,87,116
63,88,117
63,89,118
63,90,119
63,91,120
63,92,121
63,93,122
63,94,123
63,95,124
63,96,125
63,97,126
63,98,127
63,99,128
63,100,129
63,101,130
63,102,131
63,103,132
63,104,133
63,105,134
63,106,135
63,107,136
63,108,137
63,109,138
63,110,139
63,111,140
63,112,141
63,113,142
63,114,143
63,115,144
63,116,145
63,117,146
63,118,147
63,119,148
63,120,149
63,121,150
63,122,151
63,123,152
63,124,153
63,125,154
63,126,155
63,127,156
63,128,157
63,129,158
63,130,159
63,131,160
63,132,161
63,133,162
63,134,163
63,135,164
63,136,165
63,137,166
63,138,167
63,139,168
63,140,169
63,141,170
63,142,171
63,143,172
63,144,173
63,145,174
64,1,30
64,2,31
64,3,32
64,4,33
64,5,34
64,6,35
64,7,36
64,8,37
64,9,38
64,10,39
64,11,40
64,12,41
64,13,42
64,14,43
64,15,44
64,16,45
64,17,46
64,18,47
64,19,48
64,20,49
64,21,50
64,22,51
64,23,52
64,24,53
64,25,54
64,26,55
64,27,56
64,28,57
64,29,58
64,30,59
64,31,60
64,32,61
64,33,62
64,34,63
64,35,64
64,36,65
64,37,66
64,38,67
64,39,68
64,40,69
64,41,70
64,42,71
64,43,72
64,44,73
64,45,74
64,46,75
64,47,76
64,48,77
64,49,78
64,50,79
64,51,80
64,52,81
64,53,82
64,54,83
64,55,84
64,56,85
64,57,86
64,58,87
64,59,88
64,60,89
64,61,90
64,62,91
64,63,92
64,64,93
64,65,94
64,66,95
64,67,96
64,68,97
64,69,98
64,70,99
64,71,100
64,72,101
64,73,102
64,74,103
64,75,104
64,76,105
64,77,106
64,78,107
64,79,108
64,80,109
64,81,110
64,82,111
64,83,112
64,84,113
64,85,114
64,86,115
64,87,116
64,88,117
64,89,118
64,90,119
64,91,120
64,92,121
64,93,122
64,94,123
64,95,124
64,96,125
64,97,126
64,98,127
64,99,128
64,100,129
64,101,130
64,102,131
64,103,132
64,104,133
64,105,134
64,106,135
64,107,136
64,108,137
64,109,138
64,110,139
64,111,140
64,112,141
64,113,142
64,114,143
64,115,144
64,116,145
64,117,146
64,118,147
64,119,148
64,120,149
64,121,150
64,122,151
64,123,152
64,124,153
64,125,154
64,126,155
64,127,156
64,128,157
64,129,158
64,130,159
64,131,160
64,132,161
64,133,162
64,134,163
64,135,164
64,136,165
64,137,166
64,138,167
64,139,168
64,140,169
64,141,170
64,142,171
64,143,172
64,144,173
64,145,174
64,146,175
64,147,176
64,148,177
64,149,178
64,150,179
64,151,180
64,152,181
64,153,182
64,154,183
64,155,184
64,156,185
64,157,186
64,158,187
64,159,188
64,160,189
64,161,190
64,162,191
64,163,192
64,164,193
64,165,194
64,166,195
64,167,196
64,168,197
64,169,198
64,170,199
64,171,200
64,172,201
64,173,202
64,174,203
64,175,204
64,176,205
64,177,206
64,178,207
64,179,208
64,180,209
64,181,210
64,182,211
64,183,212
64,184,213
64,185,214
64,186,215
64,187,216
64,188,217
64,189,218
64,190,219
64,191,220
64,192,221
64,193,222
64,194,223
64,195,224
64,196,225
64,197,226
64,198,227
64,199,228
64,200,229
64,201,230
64,202,231
64,203,232
64,204,233
64,205,234
64,206,235
64,207,236
64,208,237
64,209,238
64,210,239
64,211,240
64,212,241
64,213,242
64,214,243
64,215,244
64,216,245
64,217,246
64,218,247
64,219,248
64,220,249
64,221,250
64,222,251
64,223,252
64,224,253
64,225,254
64,226,255
64,227,256
64,228,257
64,229,258
64,230,259
64,231,260
64,232,261
64,233,262
64,234,263
64,235,264
64,236,265
64,237,266
64,238,267
64,239,268
64,240,269
64,241,270
64,242,271
64,243,272
64,244,273
64,245,274
64,246,275
64,247,276
64,248,277
64,249,278
64,250,279
64,251,280
64,252,281
64,253,282
64,254,283
65,1,30
65,2,31
65,3,32
65,4,33
65,5,34
65,6,35
65,7,36
65,8,37
65,9,38
65,10,39
65,11,40
65,12,41
65,13,42
65,14,43
65,15,44
65,16,45
65,17,46
65,18,47
65,19,48
65,20,49
65,21,50
65,22,51
65,23,52
65,24,53
65,25,54
65,26,55
65,27,56
65,28,57
65,29,58
65,30,59
65,31,60
65,32,61
65,33,62
65,34,63
65,35,64
65,36,65
65,37,66
65,38,67
65,39,68
65,40,69
65,41,70
65,42,71
65,43,72
65,44,73
65,45,74
65,46,75
65,47,76
65,48,77
65,49,78
65,50,79
65,51,80
65,52,81
65,53,82
65,54,83
65,55,84
65,56,85
65,57,86
65,58,87
65,59,88
65,60,89
65,61,90
65,62,91
65,63,92
65,64,93
65,65,94
65,66,95
65,67,96
65,68,97
65,69,98
65,70,99
65,71,100
65,72,101
65,73,102
65,74,103
65,75,104
65,76,105
65,77,106
65,78,107
65,79,108
65,80,109
65,81,110
65,82,111
65,83,112
65,84,113
65,85,114
65,86,115
65,87,116
65,88,117
65,89,118
65,90,119
65,91,120
65,92,121
65,93,122
65,94,123
65,95,124
65,96,125
65,97,126
65,98,127
65,99,128
65,100,129
65,101,130
65,102,131
65,103,132
65,104,133
65,105,134
65,106,135
65,107,136
65,108,137
65,109,138
65,110,139
65,111,140
65,112,141
65,113,142
65,114,143
65,115,144
65,116,145
65,117,146
65,118,147
65,119,148
65,120,149
65,121,150
65,122,151
65,123,152
65,124,153
66,1,30
66,2,31
66,3,32
66,4,33
66,5,34
66,6,35
66,7,36
66,8,37
66,9,38
66,10,39
66,11,40
66,12,41
66,13,42
66,14,43
66,15,44
66,16,45
66,17,46
66,18,47
66,19,48
66,20,49
66,21,50
66,22,51
66,23,52
66,24,53
66,25,54
66,26,55
66,27,56
66,28,57
66,29,58
66,30,59
66,31,60
66,32,61
66,33,62
66,34,63
66,35,64
66,36,65
66,37,66
66,38,67
66,39,68
66,40,69
66,41,70
66,42,71
66,43,72
66,44,73
66,45,74
66,46,75
66,47,76
66,48,77
66,49,78
66,50,79
66,51,80
66,52,81
66,53,82
66,54,83
66,55,84
66,56,85
66,57,86
66,58,87
66,59,88
66,60,89
66,61,90
66,62,91
66,63,92
66,64,93
66,65,94
66,66,95
66,67,96
66,68,97
66,69,98
66,70,99
66,71,100
66,72,101
66,73,102
66,74,103
66,75,104
66,76,105
66,77,106
66,78,107
66,79,108
66,80,109
66,81,110
66,82,111
66,83,112
66,84,113
66,85,114
66,86,115
66,87,116
66,88,117
66,89,118
66,90,119
66,91,120
66,92,121
66,93,122
66,94,123
66,95,124
66,96,125
66,97,126
66,98,127
66,99,128
66,100,129
66,101,130
66,102,131
66,103,132
66,104,133
66,105,134
66,106,135
66,107,136
66,108,137
66,109,138
66,110,139
66,111,140
66,112,141
66,113,142
66,114,143
66,115,144
66,116,145
66,117,146
66,118,147
66,119,148
66,120,149
66,121,150
66,122,151
66,123,152
66,124,153
66,125,154
66,126,155
66,127,156
66,128,157
66,129,158
66,130,159
66,131,160
66,132,161
66,133,162
66,134,163
66,135,164
66,136,165
66,137,166
66,138,167
66,139,168
66,140,169
66,141,170
66,142,171
66,143,172
66,144,173
66,145,174
66,146,175
66,147,176
66,148,177
66,149,178
66,150,179
66,151,180
66,152,181
66,153,182
66,154,183
66,155,184
66,156,185
66,157,186
66,158,187
66,159,188
66,160,189
66,161,190
66,162,191
66,163,192
66,164,193
66,165,194
66,166,195
66,167,196
66,168,197
66,169,198
66,170,199
66,171,200
66,172,201
66,173,202
67,1,30
67,2,31
67,3,32
67,4,33
67,5,34
67,6,35
67,7,36
67,8,37
67,9,38
67,10,39
67,11,40
67,12,41
67,13,42
67,14,43
67,15,44
67,16,45
67,17,46
67,18,47
67,19,48
67,20,49
67,21,50
67,22,51
67,23,52
67,24,53
67,25,54
67,26,55
67,27,56
67,28,57
67,29,58
67,30,59
67,31,60
67,32,61
67,33,62
67,34,63
67,35,64
67,36,65
67,37,66
67,38,67
67,39,68
67,40,69
67,41,70
67,42,71
67,43,72
67,44,73
67,45,74
67,46,75
67,47,76
67,48,77
67,49,78
67,50,79
67,51,80
67,52,81
67,53,82
67,54,83
67,55,84
67,56,85
67,57,86
67,58,87
67,59,88
67,60,89
67,61,90
67,62,91
67,63,92
67,64,93
67,65,94
67,66,95
67,67,96
67,68,97
67,69,98
67,70,99
67,71,100
67,72,101
67,73,102
67,74,103
67,75,104
67,76,105
67,77,106
67,78,107
67,79,108
67,80,109
67,81,110
67,82,111
67,83,112
67,84,113
67,85,114
67,86,115
67,87,116
67,88,117
67,89,118
67,90,119
67,91,120
67,92,121
67,93,122
67,94,123
67,95,124
67,96,125
67,97,126
67,98,127
67,99,128
67,100,129
67,101,130
67,102,131
67,103,132
67,104,133
67,105,134
67,106,135
67,107,136
67,108,137
67,109,138
67,110,139
67,111,140
67,112,141
67,113,142
67,114,143
67,115,144
67,116,145
67,117,146
67,118,147
67,119,148
67,120,149
67,121,150
67,122,151
67,123,152
67,124,153
67,125,154
67,126,155
67,127,156
67,128,157
67,129,158
67,130,159
67,131,160
67,132,161
67,133,162
67,134,163
67,135,164
67,136,165
67,137,166
67,138,167
67,139,168
67,140,169
67,141,170
67,142,171
67,143,172
67,144,173
67,145,174
67,146,175
67,147,176
67,148,177
67,149,178
67,150,179
67,151,180
67,152,181
67,153,182
67,154,183
67,155,184
67,156,185
67,157,186
67,158,187
67,159,188
67,160,189
67,161,190
67,162,191
67,163,192
67,164,193
67,165,194
67,166,195
67,167,196
67,168,197
67,169,198
67,170,199
67,171,200
67,172,201
67,173,202
67,174,203
67,175,204
67,176,205
67,177,206
67,178,207
67,179,208
67,180,209
67,181,210
67,182,211
67,183,212
67,184,213
67,185,214
67,186,215
67,187,216
67,188,217
67,189,218
67,190,219
67,191,220
67,192,221
67,193,222
67,194,223
67,195,224
67,196,225
67,197,226
67,198,227
67,199,228
67,200,229
67,201,230
67,202,231
67,203,232
67,204,233
67,205,234
67,206,235
67,207,236
67,208,237
67,209,238
67,210,239
67,211,240
67,212,241
67,213,242
67,214,243
67,215,244
67,216,245
67,217,246
67,218,247
67,219,248
67,220,249
67,221,250
67,222,251
67,223,252
67,224,253
67,225,254
67,226,255
67,227,256
67,228,257
67,229,258
67,230,259
67,231,260
67,232,261
67,233,262
67,234,263
67,235,264
67,236,265
67,237,266
67,238,267
67,239,268
67,240,269
67,241,270
67,242,271
67,243,272
67,244,273
67,245,274
67,246,275
67,247,276
67,248,277
67,249,278
67,250,279
67,251,280
67,252,281
67,253,282
67,254,283
67,255,284
67,256,285
67,257,286
67,258,287
67,259,288
67,260,289
67,261,290
67,262,291
67,263,292
67,264,293
67,265,294
67,266,295
67,267,296
67,268,297
67,269,298
67,270,299
67,271,300
67,272,301
67,273,302
67,274,303
67,275,304
67,276,305
67,277,306
67,278,307
67,279,308
67,280,309
67,281,310
67,282,311
67,283,312
67,284,313
68,1,30
68,2,31
68,3,32
68,4,33
68,5,34
68,6,35
68,7,36
68,8,37
68,9,38
68,10,39
68,11,40
68,12,41
68,13,42
68,14,43
68,15,44
68,16,45
68,17,46
68,18,47
68,19,48
68,20,49
68,21,50
68,22,51
68,23,52
68,24,53
68,25,54
68,26,55
68,27,56
68,28,57
68,29,58
68,30,59
68,31,60
68,32,61
68,33,62
68,34,63
68,35,64
68,36,65
68,37,66
68,38,67
68,39,68
68,40,69
68,41,70
68,42,71
68,43,72
68,44,73
68,45,74
68,46,75
68,47,76
68,48,77
68,49,78
68,50,79
68,51,80
68,52,81
68,53,82
68,54,83
68,55,84
68,56,85
68,57,86
68,58,87
68,59,88
68,60,89
68,61,90
68,62,91
68,63,92
68,64,93
68,65,94
68,66,95
68,67,96
68,68,97
68,69,98
68,70,99
68,71,100
68,72,101
68,73,102
68,74,103
68,75,104
68,76,105
68,77,106
68,78,107
68,79,108
68,80,109
68,81,110
68,82,111
68,83,112
68,84,113
68,85,114
68,86,115
68,87,116
68,88,117
68,89,118
68,90,119
68,91,120
68,92,121
68,93,122
68,94,123
68,95,124
68,96,125
68,97,126
68,98,127
68,99,128
68,100,129
68,101,130
68,102,131
68,103,132
68,104,133
68,105,134
68,106,135
68,107,136
68,108,137
68,109,138
68,110,139
68,111,140
68,112,141
68,113,142
68,114,143
68,115,144
68,116,145
68,117,146
68,118,147
68,119,148
68,120,149
68,121,150
68,122,151
68,123,152
68,124,153
68,125,154
68,126,155
68,127,156
68,128,157
68,129,158
68,130,159
68,131,160
68,132,161
68,133,162
68,134,163
68,135,164
68,136,165
68,137,166
68,138,167
68,139,168
68,140,169
68,141,170
68,142,171
68,143,172
68,144,173
68,145,174
68,146,175
68,147,176
68,148,177
68,149,178
68,150,179
68,151,180
68,152,181
68,153,182
68,154,183
68,155,184
68,156,185
68,157,186
68,158,187
68,159,188
68,160,189
68,161,190
68,162,191
68,163,192
68,164,193
68,165,194
68,166,195
68,167,196
68,168,197
68,169,198
68,170,199
69,1,30
69,2,31
69,3,32
69,4,33
69,5,34
69,6,35
69,7,36
69,8,37
69,9,38
69,10,39
69,11,40
69,12,41
69,13,42
69,14,43
69,15,44
69,16,45
69,17,46
69,18,47
69,19,48
69,20,49
69,21,50
69,22,51
69,23,52
69,24,53
69,25,54
69,26,55
69,27,56
69,28,57
69,29,58
69,30,59
69,31,60
69,32,61
69,33,62
69,34,63
69,35,64
69,36,65
69,37,66
69,38,67
69,39,68
69,40,69
69,41,70
69,42,71
69,43,72
69,44,73
69,45,74
69,46,75
69,47,76
69,48,77
69,49,78
69,50,79
69,51,80
69,52,81
69,53,82
69,54,83
69,55,84
69,56,85
69,57,86
69,58,87
69,59,88
69,60,89
69,61,90
69,62,91
69,63,92
69,64,93
69,65,94
69,66,95
69,67,96
69,68,97
69,69,98
69,70,99
69,71,100
69,72,101
69,73,102
69,74,103
69,75,104
69,76,105
69,77,106
69,78,107
69,79,108
69,80,109
69,81,110
69,82,111
69,83,112
69,84,113
69,85,114
69,86,115
69,87,116
69,88,117
69,89,118
69,90,119
69,91,120
69,92,121
69,93,122
69,94,123
69,95,124
69,96,125
69,97,126
69,98,127
69,99,128
69,100,129
69,101,130
69,102,131
69,103,132
69,104,133
69,105,134
69,106,135
69,107,136
69,108,137
69,109,138
69,110,139
69,111,140
69,112,141
69,113,142
69,114,143
69,115,144
69,116,145
69,117,146
69,118,147
69,119,148
69,120,149
69,121,150
69,122,151
69,123,152
69,124,153
69,125,154
69,126,155
69,127,156
69,128,157
69,129,158
69,130,159
69,131,160
69,132,161
69,133,162
69,134,163
69,135,164
69,136,165
69,137,166
69,138,167
69,139,168
69,140,169
69,141,170
69,142,171
69,143,172
69,144,173
69,145,174
69,146,175
69,147,176
69,148,177
69,149,178
69,150,179
69,151,180
69,152,181
69,153,182
69,154,183
69,155,184
69,156,185
69,157,186
69,158,187
69,159,188
69,160,189
69,161,190
69,162,191
69,163,192
69,164,193
69,165,194
69,166,195
69,167,196
69,168,197
69,169,198
69,170,199
69,171,200
69,172,201
69,173,202
69,174,203
69,175,204
69,176,205
69,177,206
69,178,207
69,179,208
69,180,209
69,181,210
69,182,211
69,183,212
69,184,213
69,185,214
69,186,215
69,187,216
69,188,217
69,189,218
69,190,219
69,191,220
69,192,221
69,193,222
69,194,223
69,195,224
69,196,225
69,197,226
69,198,227
69,199,228
69,200,229
69,201,230
69,202,231
69,203,232
69,204,233
69,205,234
69,206,235
69,207,236
69,208,237
69,209,238
69,210,239
69,211,240
69,212,241
69,213,242
69,214,243
69,215,244
69,216,245
69,217,246
69,218,247
69,219,248
69,220,249
69,221,250
69,222,251
69,223,252
69,224,253
69,225,254
69,226,255
69,227,256
69,228,257
69,229,258
69,230,259
69,231,260
69,232,261
69,233,262
69,234,263
69,235,264
69,236,265
69,237,266
69,238,267
69,239,268
69,240,269
69,241,270
69,242,271
69,243,272
69,244,273
69,245,274
69,246,275
69,247,276
69,248,277
69,249,278
69,250,279
69,251,280
69,252,281
69,253,282
69,254,283
69,255,284
69,256,285
69,257,286
69,258,287
69,259,288
69,260,289
69,261,290
69,262,291
69,263,292
69,264,293
69,265,294
69,266,295
69,267,296
69,268,297
69,269,298
69,270,299
69,271,300
69,272,301
69,273,302
69,274,303
69,275,304
69,276,305
69,277,306
69,278,307
69,279,308
69,280,309
69,281,310
69,282,311
69,283,312
69,284,313
69,285,314
69,286,315
69,287,316
69,288,317
69,289,318
69,290,319
69,291,320
69,292,321
69,293,322
69,294,323
69,295,324
69,296,325
69,297,326
69,298,327
69,299,328
69,300,329
69,301,330
69,302,331
69,303,332
69,304,333
69,305,334
69,306,335
69,307,336
69,308,337
69,309,338
69,310,339
69,311,340
69,312,341
69,313,342
69,314,343
69,315,344
69,316,345
69,317,346
69,318,347
69,319,348
69,320,349
69,321,350
69,322,351
69,323,352
69,324,353
69,325,354
69,326,355
69,327,356
69,328,357
69,329,358
69,330,359
69,331,360
69,332,361
69,333,362
70,1,30
70,2,31
70,3,32
70,4,33
70,5,34
70,6,35
70,7,36
70,8,37
70,9,38
70,10,39
70,11,40
70,12,41
70,13,42
70,14,43
70,15,44
70,16,45
70,17,46
70,18,47
70,19,48
70,20,49
70,21,50
70,22,51
70,23,52
70,24,53
70,25,54
70,26,55
70,27,56
70,28,57
70,29,58
70,30,59
70,31,60
70,32,61
70,33,62
70,34,63
70,35,64
70,36,65
70,37,66
70,38,67
70,39,68
70,40,69
70,41,70
70,42,71
70,43,72
70,44,73
70,45,74
70,46,75
70,47,76
70,48,77
70,49,78
70,50,79
70,51,80
70,52,81
70,53,82
70,54,83
70,55,84
70,56,85
70,57,86
70,58,87
70,59,88
70,60,89
70,61,90
70,62,91
70,63,92
70,64,93
70,65,94
70,66,95
70,67,96
70,68,97
70,69,98
70,70,99
70,71,100
70,72,101
70,73,102
70,74,103
70,75,104
70,76,105
70,77,106
70,78,107
70,79,108
70,80,109
70,81,110
70,82,111
70,83,112
70,84,113
70,85,114
70,86,115
70,87,116
70,88,117
70,89,118
70,90,119
70,91,120
70,92,121
70,93,122
70,94,123
70,95,124
70,96,125
70,97,126
70,98,127
70,99,128
70,100,129
70,101,130
70,102,131
70,103,132
70,104,133
70,105,134
70,106,135
70,107,136
70,108,137
71,1,30
71,2,31
71,3,32
71,4,33
71,5,34
71,6,35
71,7,36
71,8,37
71,9,38
71,10,39
71,11,40
71,12,41
71,13,42
71,14,43
71,15,44
71,16,45
71,17,46
71,18,47
71,19,48
71,20,49
71,21,50
71,22,51
71,23,52
71,24,53
71,25,54
71,26,55
71,27,56
71,28,57
71,29,58
71,30,59
71,31,60
71,32,61
71,33,62
71,34,63
71,35,64
71,36,65
71,37,66
71,38,67
71,39,68
71,40,69
71,41,70
71,42,71
71,43,72
71,44,73
71,45,74
71,46,75
71,47,76
71,48,77
71,49,78
71,50,79
71,51,80
71,52,81
71,53,82
71,54,83
71,55,84
71,56,85
71,57,86
71,58,87
71,59,88
71,60,89
71,61,90
71,62,91
71,63,92
71,64,93
71,65,94
71,66,95
71,67,96
71,68,97
71,69,98
71,70,99
71,71,100
71,72,101
71,73,102
71,74,103
71,75,104
71,76,105
71,77,106
71,78,107
71,79,108
71,80,109
71,81,110
71,82,111
71,83,112
71,84,113
71,85,114
71,86,115
71,87,116
71,88,117
71,89,118
71,90,119
71,91,120
71,92,121
71,93,122
71,94,123
71,95,124
71,96,125
71,97,126
71,98,127
71,99,128
71,100,129
71,101,130
71,102,131
71,103,132
71,104,133
71,105,134
71,106,135
71,107,136
71,108,137
71,109,138
71,110,139
71,111,140
71,112,141
71,113,142
71,114,143
71,115,144
71,116,145
71,117,146
71,118,147
71,119,148
71,120,149
71,121,150
71,122,151
71,123,152
71,124,153
71,125,154
71,126,155
71,127,156
71,128,157
71,129,158
71,130,159
71,131,160
71,132,161
71,133,162
71,134,163
71,135,164
71,136,165
71,137,166
71,138,167
71,139,168
71,140,169
71,141,170
71,142,171
71,143,172
71,144,173
71,145,174
71,146,175
71,147,176
71,148,177
71,149,178
71,150,179
71,151,180
71,152,181
71,153,182
71,154,183
71,155,184
71,156,185
71,157,186
71,158,187
71,159,188
71,160,189
71,161,190
71,162,191
71,163,192
71,164,193
71,165,194
71,166,195
71,167,196
71,168,197
71,169,198
71,170,199
71,171,200
71,172,201
71,173,202
71,174,203
71,175,204
71,176,205
71,177,206
71,178,207
71,179,208
72,1,30
72,2,31
72,3,32
72,4,33
72,5,34
72,6,35
72,7,36
72,8,37
72,9,38
72,10,39
72,11,40
72,12,41
72,13,42
72,14,43
72,15,44
72,16,45
72,17,46
72,18,47
72,19,48
72,20,49
72,21,50
72,22,51
72,23,52
72,24,53
72,25,54
72,26,55
72,27,56
72,28,57
72,29,58
72,30,59
72,31,60
72,32,61
72,33,62
72,34,63
72,35,64
72,36,65
72,37,66
72,38,67
72,39,68
72,40,69
72,41,70
72,42,71
72,43,72
72,44,73
72,45,74
72,46,75
72,47,76
72,48,77
72,49,78
72,50,79
72,51,80
72,52,81
72,53,82
72,54,83
72,55,84
72,56,85
72,57,86
72,58,87
72,59,88
72,60,89
72,61,90
72,62,91
72,63,92
72,64,93
72,65,94
72,66,95
72,67,96
72,68,97
72,69,98
72,70,99
72,71,100
72,72,101
72,73,102
72,74,103
72,75,104
72,76,105
72,77,106
72,78,107
72,79,108
72,80,109
72,81,110
72,82,111
72,83,112
72,84,113
72,85,114
72,86,115
72,87,116
72,88,117
72,89,118
72,90,119
72,91,120
72,92,121
72,93,122
72,94,123
72,95,124
72,96,125
72,97,126
72,98,127
72,99,128
72,100,129
72,101,130
72,102,131
72,103,132
72,104,133
72,105,134
72,106,135
72,107,136
72,108,137
72,109,138
72,110,139
72,111,140
72,112,141
72,113,142
72,114,143
72,115,144
72,116,145
72,117,146
72,118,147
72,119,148
72,120,149
72,121,150
72,122,151
72,123,152
72,124,153
72,125,154
72,126,155
72,127,156
72,128,157
72,129,158
72,130,159
72,131,160
72,132,161
72,133,162
72,134,163
72,135,164
72,136,165
72,137,166
72,138,167
72,139,168
72,140,169
72,141,170
72,142,171
72,143,172
72,144,173
72,145,174
72,146,175
72,147,176
72,148,177
72,149,178
72,150,179
72,151,180
72,152,181
72,153,182
72,154,183
72,155,184
72,156,185
72,157,186
72,158,187
72,159,188
72,160,189
72,161,190
72,162,191
72,163,192
72,164,193
72,165,194
72,166,195
72,167,196
72,168,197
72,169,198
72,170,199
72,171,200
72,172,201
72,173,202
72,174,203
72,175,204
72,176,205
72,177,206
72,178,207
72,179,208
72,180,209
72,181,210
72,182,211
72,183,212
72,184,213
73,1,30
73,2,31
73,3,32
73,4,33
73,5,34
73,6,35
73,7,36
73,8,37
73,9,38
73,10,39
73,11,40
73,12,41
73,13,42
73,14,43
73,15,44
73,16,45
73,17,46
73,18,47
73,19,48
73,20,49
73,21,50
73,22,51
73,23,52
73,24,53
73,25,54
73,26,55
73,27,56
73,28,57
73,29,58
73,30,59
73,31,60
73,32,61
73,33,62
73,34,63
73,35,64
73,36,65
73,37,66
73,38,67
73,39,68
73,40,69
73,41,70
73,42,71
73,43,72
73,44,73
73,45,74
73,46,75
73,47,76
73,48,77
73,49,78
73,50,79
73,51,80
73,52,81
73,53,82
73,54,83
73,55,84
73,56,85
73,57,86
73,58,87
73,59,88
73,60,89
73,61,90
73,62,91
73,63,92
73,64,93
73,65,94
73,66,95
73,67,96
73,68,97
73,69,98
73,70,99
73,71,100
73,72,101
73,73,102
73,74,103
73,75,104
73,76,105
73,77,106
73,78,107
73,79,108
73,80,109
73,81,110
73,82,111
73,83,112
73,84,113
73,85,114
73,86,115
73,87,116
73,88,117
73,89,118
73,90,119
73,91,120
73,92,121
73,93,122
73,94,123
73,95,124
73,96,125
73,97,126
73,98,127
73,99,128
73,100,129
73,101,130
73,102,131
73,103,132
73,104,133
73,105,134
73,106,135
73,107,136
73,108,137
73,109,138
73,110,139
73,111,140
73,112,141
73,113,142
73,114,143
73,115,144
73,116,145
73,117,146
73,118,147
73,119,148
73,120,149
73,121,150
73,122,151
73,123,152
73,124,153
73,125,154
73,126,155
73,127,156
73,128,157
73,129,158
73,130,159
73,131,160
73,132,161
73,133,162
73,134,163
73,135,164
73,136,165
73,137,166
73,138,167
73,139,168
73,140,169
73,141,170
73,142,171
73,143,172
73,144,173
73,145,174
73,146,175
73,147,176
73,148,177
73,149,178
73,150,179
73,151,180
73,152,181
73,153,182
73,154,183
73,155,184
73,156,185
73,157,186
73,158,187
73,159,188
73,160,189
73,161,190
73,162,191
73,163,192
73,164,193
73,165,194
73,166,195
73,167,196
73,168,197
73,169,198
73,170,199
73,171,200
73,172,201
73,173,202
73,174,203
73,175,204
73,176,205
73,177,206
73,178,207
73,179,208
73,180,209
73,181,210
73,182,211
73,183,212
73,184,213
74,1,30
74,2,31
74,3,32
74,4,33
74,5,34
74,6,35
74,7,36
74,8,37
74,9,38
74,10,39
74,11,40
74,12,41
74,13,42
74,14,43
74,15,44
74,16,45
74,17,46
74,18,47
74,19,48
74,20,49
74,21,50
74,22,51
74,23,52
74,24,53
74,25,54
74,26,55
74,27,56
74,28,57
74,29,58
74,30,59
74,31,60
74,32,61
74,33,62
74,34,63
74,35,64
74,36,65
74,37,66
74,38,67
74,39,68
74,40,69
74,41,70
74,42,71
74,43,72
74,44,73
74,45,74
74,46,75
74,47,76
74,48,77
74,49,78
74,50,79
74,51,80
74,52,81
74,53,82
74,54,83
74,55,84
74,56,85
74,57,86
74,58,87
74,59,88
74,60,89
74,61,90
74,62,91
74,63,92
74,64,93
74,65,94
74,66,95
74,67,96
74,68,97
74,69,98
74,70,99
74,71,100
74,72,101
74,73,102
74,74,103
74,75,104
74,76,105
74,77,106
74,78,107
74,79,108
74,80,109
74,81,110
74,82,111
74,83,112
74,84,113
74,85,114
74,86,115
74,87,116
74,88,117
74,89,118
74,90,119
74,91,120
74,92,121
74,93,122
74,94,123
74,95,124
74,96,125
74,97,126
74,98,127
74,99,128
74,100,129
74,101,130
74,102,131
74,103,132
74,104,133
74,105,134
74,106,135
74,107,136
74,108,137
74,109,138
74,110,139
74,111,140
74,112,141
74,113,142
74,114,143
74,115,144
74,116,145
74,117,146
74,118,147
74,119,148
74,120,149
74,121,150
74,122,151
74,123,152
74,124,153
74,125,154
74,126,155
74,127,156
74,128,157
74,129,158
74,130,159
74,131,160
74,132,161
74,133,162
74,134,163
74,135,164
74,136,165
74,137,166
75,1,30
75,2,31
75,3,32
75,4,33
75,5,34
75,6,35
75,7,36
75,8,37
75,9,38
75,10,39
75,11,40
75,12,41
75,13,42
75,14,43
75,15,44
75,16,45
75,17,46
75,18,47
75,19,48
75,20,49
75,21,50
75,22,51
75,23,52
75,24,53
75,25,54
75,26,55
75,27,56
75,28,57
75,29,58
75,30,59
75,31,60
75,32,61
75,33,62
75,34,63
75,35,64
75,36,65
75,37,66
75,38,67
75,39,68
75,40,69
75,41,70
75,42,71
75,43,72
75,44,73
75,45,74
75,46,75
75,47,76
75,48,77
75,49,78
75,50,79
75,51,80
75,52,81
75,53,82
75,54,83
75,55,84
75,56,85
75,57,86
75,58,87
75,59,88
75,60,89
75,61,90
75,62,91
75,63,92
75,64,93
75,65,94
75,66,95
75,67,96
75,68,97
75,69,98
75,70,99
75,71,100
75,72,101
75,73,102
75,74,103
75,75,104
75,76,105
75,77,106
75,78,107
75,79,108
75,80,109
75,81,110
75,82,111
75,83,112
75,84,113
75,85,114
75,86,115
75,87,116
75,88,117
75,89,118
75,90,119
75,91,120
75,92,121
75,93,122
75,94,123
75,95,124
75,96,125
75,97,126
75,98,127
75,99,128
75,100,129
75,101,130
75,102,131
75,103,132
75,104,133
75,105,134
75,106,135
75,107,136
75,108,137
75,109,138
75,110,139
75,111,140
75,112,141
75,113,142
75,114,143
75,115,144
75,116,145
75,117,146
75,118,147
75,119,148
75,120,149
75,121,150
75,122,151
75,123,152
75,124,153
75,125,154
75,126,155
75,127,156
75,128,157
75,129,158
75,130,159
75,131,160
75,132,161
75,133,162
75,134,163
75,135,164
75,136,165
75,137,166
75,138,167
75,139,168
75,140,169
75,141,170
75,142,171
75,143,172
75,144,173
75,145,174
75,146,175
75,147,176
75,148,177
75,149,178
75,150,179
75,151,180
75,152,181
75,153,182
75,154,183
75,155,184
75,156,185
75,157,186
75,158,187
75,159,188
75,160,189
75,161,190
75,162,191
75,163,192
75,164,193
75,165,194
75,166,195
75,167,196
75,168,197
75,169,198
75,170,199
75,171,200
75,172,201
75,173,202
75,174,203
75,175,204
75,176,205
75,177,206
75,178,207
75,179,208
75,180,209
75,181,210
75,182,211
75,183,212
75,184,213
75,185,214
75,186,215
75,187,216
75,188,217
75,189,218
75,190,219
75,191,220
75,192,221
75,193,222
75,194,223
75,195,224
75,196,225
75,197,226
75,198,227
75,199,228
75,200,229
76,1,30
76,2,31
76,3,32
76,4,33
76,5,34
76,6,35
76,7,36
76,8,37
76,9,38
76,10,39
76,11,40
76,12,41
76,13,42
76,14,43
76,15,44
76,16,45
76,17,46
76,18,47
76,19,48
76,20,49
76,21,50
76,22,51
76,23,52
76,24,53
76,25,54
76,26,55
76,27,56
76,28,57
76,29,58
76,30,59
76,31,60
76,32,61
76,33,62
76,34,63
76,35,64
76,36,65
76,37,66
76,38,67
76,39,68
76,40,69
76,41,70
76,42,71
76,43,72
76,44,73
76,45,74
76,46,75
76,47,76
76,48,77
76,49,78
76,50,79
76,51,80
76,52,81
76,53,82
76,54,83
76,55,84
76,56,85
76,57,86
76,58,87
76,59,88
76,60,89
76,61,90
76,62,91
76,63,92
76,64,93
76,65,94
76,66,95
76,67,96
76,68,97
76,69,98
76,70,99
76,71,100
76,72,101
76,73,102
76,74,103
76,75,104
76,76,105
76,77,106
76,78,107
76,79,108
76,80,109
76,81,110
76,82,111
76,83,112
76,84,113
76,85,114
76,86,115
76,87,116
76,88,117
76,89,118
76,90,119
76,91,120
76,92,121
76,93,122
76,94,123
76,95,124
76,96,125
76,97,126
76,98,127
76,99,128
76,100,129
76,101,130
76,102,131
76,103,132
76,104,133
76,105,134
76,106,135
76,107,136
76,108,137
76,109,138
76,110,139
76,111,140
76,112,141
76,113,142
76,114,143
76,115,144
76,116,145
76,117,146
76,118,147
76,119,148
76,120,149
76,121,150
76,122,151
76,123,152
76,124,153
76,125,154
76,126,155
76,127,156
76,128,157
76,129,158
76,130,159
76,131,160
76,132,161
76,133,162
76,134,163
76,135,164
76,136,165
76,137,166
76,138,167
76,139,168
76,140,169
76,141,170
76,142,171
76,143,172
76,144,173
76,145,174
76,146,175
76,147,176
76,148,177
76,149,178
76,150,179
76,151,180
76,152,181
76,153,182
76,154,183
76,155,184
76,156,185
76,157,186
76,158,187
76,159,188
76,160,189
76,161,190
76,162,191
76,163,192
76,164,193
76,165,194
76,166,195
76,167,196
76,168,197
76,169,198
76,170,199
76,171,200
76,172,201
76,173,202
76,174,203
76,175,204
76,176,205
76,177,206
76,178,207
76,179,208
76,180,209
76,181,210
77,1,30
77,2,31
77,3,32
77,4,33
77,5,34
77,6,35
77,7,36
77,8,37
77,9,38
77,10,39
77,11,40
77,12,41
77,13,42
77,14,43
77,15,44
77,16,45
77,17,46
77,18,47
77,19,48
77,20,49
77,21,50
77,22,51
77,23,52
77,24,53
77,25,54
77,26,55
77,27,56
77,28,57
77,29,58
77,30,59
77,31,60
77,32,61
77,33,62
77,34,63
77,35,64
77,36,65
77,37,66
77,38,67
77,39,68
77,40,69
77,41,70
77,42,71
77,43,72
77,44,73
77,45,74
77,46,75
77,47,76
77,48,77
77,49,78
77,50,79
77,51,80
77,52,81
77,53,82
77,54,83
77,55,84
77,56,85
77,57,86
77,58,87
77,59,88
77,60,89
77,61,90
77,62,91
77,63,92
77,64,93
77,65,94
77,66,95
77,67,96
77,68,97
77,69,98
77,70,99
77,71,100
77,72,101
77,73,102
77,74,103
77,75,104
77,76,105
77,77,106
77,78,107
77,79,108
77,80,109
77,81,110
77,82,111
77,83,112
77,84,113
77,85,114
77,86,115
77,87,116
77,88,117
77,89,118
77,90,119
77,91,120
77,92,121
77,93,122
77,94,123
77,95,124
77,96,125
77,97,126
77,98,127
77,99,128
77,100,129
77,101,130
77,102,131
77,103,132
77,104,133
77,105,134
77,106,135
77,107,136
77,108,137
77,109,138
77,110,139
77,111,140
77,112,141
77,113,142
77,114,143
77,115,144
77,116,145
77,117,146
77,118,147
77,119,148
77,120,149
77,121,150
77,122,151
77,123,152
77,124,153
77,125,154
78,1,30
78,2,31
78,3,32
78,4,33
78,5,34
78,6,35
78,7,36
78,8,37
78,9,38
78,10,39
78,11,40
78,12,41
78,13,42
78,14,43
78,15,44
78,16,45
78,17,46
78,18,47
78,19,48
78,20,49
78,21,50
78,22,51
78,23,52
78,24,53
78,25,54
78,26,55
78,27,56
78,28,57
78,29,58
78,30,59
78,31,60
78,32,61
78,33,62
78,34,63
78,35,64
78,36,65
78,37,66
78,38,67
78,39,68
78,40,69
78,41,70
78,42,71
78,43,72
78,44,73
78,45,74
78,46,75
78,47,76
78,48,77
78,49,78
78,50,79
78,51,80
78,52,81
78,53,82
78,54,83
78,55,84
78,56,85
78,57,86
78,58,87
78,59,88
78,60,89
78,61,90
78,62,91
78,63,92
78,64,93
78,65,94
78,66,95
78,67,96
78,68,97
78,69,98
78,70,99
78,71,100
78,72,101
78,73,102
78,74,103
78,75,104
78,76,105
78,77,106
78,78,107
78,79,108
78,80,109
78,81,110
78,82,111
78,83,112
78,84,113
78,85,114
78,86,115
78,87,116
78,88,117
78,89,118
78,90,119
78,91,120
78,92,121
78,93,122
78,94,123
78,95,124
78,96,125
78,97,126
78,98,127
78,99,128
78,100,129
78,101,130
78,102,131
78,103,132
78,104,133
78,105,134
78,106,135
78,107,136
78,108,137
78,109,138
78,110,139
78,111,140
78,112,141
78,113,142
78,114,143
78,115,144
78,116,145
78,117,146
78,118,147
78,119,148
78,120,149
78,121,150
78,122,151
78,123,152
78,124,153
78,125,154
78,126,155
78,127,156
78,128,157
78,129,158
78,130,159
78,131,160
78,132,161
78,133,162
78,134,163
78,135,164
78,136,165
78,137,166
78,138,167
78,139,168
78,140,169
78,141,170
78,142,171
78,143,172
78,144,173
78,145,174
78,146,175
78,147,176
78,148,177
78,149,178
78,150,179
78,151,180
78,152,181
78,153,182
78,154,183
78,155,184
78,156,185
78,157,186
78,158,187
78,159,188
78,160,189
78,161,190
78,162,191
78,163,192
78,164,193
78,165,194
78,166,195
78,167,196
78,168,197
78,169,198
78,170,199
78,171,200
78,172,201
78,173,202
78,174,203
78,175,204
78,176,205
78,177,206
78,178,207
78,179,208
78,180,209
78,181,210
78,182,211
78,183,212
78,184,213
78,185,214
78,186,215
78,187,216
78,188,217
78,189,218
78,190,219
78,191,220
78,192,221
78,193,222
78,194,223
78,195,224
78,196,225
78,197,226
78,198,227
78,199,228
78,200,229
78,201,230
78,202,231
79,1,30
79,2,31
79,3,32
79,4,33
79,5,34
79,6,35
79,7,36
79,8,37
79,9,38
79,10,39
79,11,40
79,12,41
79,13,42
79,14,43
79,15,44
79,16,45
79,17,46
79,18,47
79,19,48
79,20,49
79,21,50
79,22,51
79,23,52
79,24,53
79,25,54
79,26,55
79,27,56
79,28,57
79,29,58
79,30,59
79,31,60
79,32,61
79,33,62
79,34,63
79,35,64
79,36,65
79,37,66
79,38,67
79,39,68
79,40,69
79,41,70
79,42,71
79,43,72
79,44,73
79,45,74
79,46,75
79,47,76
79,48,77
79,49,78
79,50,79
79,51,80
79,52,81
79,53,82
79,54,83
79,55,84
79,56,85
79,57,86
79,58,87
79,59,88
79,60,89
79,61,90
79,62,91
79,63,92
79,64,93
79,65,94
79,66,95
79,67,96
79,68,97
79,69,98
79,70,99
79,71,100
79,72,101
79,73,102
79,74,103
79,75,104
79,76,105
79,77,106
79,78,107
79,79,108
79,80,109
79,81,110
79,82,111
79,83,112
79,84,113
79,85,114
79,86,115
79,87,116
79,88,117
79,89,118
79,90,119
79,91,120
79,92,121
79,93,122
79,94,123
79,95,124
79,96,125
79,97,126
79,98,127
79,99,128
79,100,129
79,101,130
79,102,131
79,103,132
79,104,133
79,105,134
79,106,135
79,107,136
79,108,137
79,109,138
79,110,139
79,111,140
79,112,141
79,113,142
79,114,143
79,115,144
79,116,145
79,117,146
79,118,147
79,119,148
79,120,149
79,121,150
79,122,151
79,123,152
79,124,153
79,125,154
79,126,155
79,127,156
79,128,157
79,129,158
79,130,159
79,131,160
79,132,161
79,133,162
79,134,163
79,135,164
79,136,165
79,137,166
79,138,167
79,139,168
79,140,169
79,141,170
79,142,171
79,143,172
79,144,173
79,145,174
79,146,175
79,147,176
79,148,177
79,149,178
79,150,179
79,151,180
79,152,181
79,153,182
79,154,183
79,155,184
79,156,185
79,157,186
79,158,187
79,159,188
79,160,189
79,161,190
79,162,191
79,163,192
79,164,193
79,165,194
79,166,195
79,167,196
79,168,197
79,169,198
79,170,199
80,1,30
80,2,31
80,3,32
80,4,33
80,5,34
80,6,35
80,7,36
80,8,37
80,9,38
80,10,39
80,11,40
80,12,41
80,13,42
80,14,43
80,15,44
80,16,45
80,17,46
80,18,47
80,19,48
80,20,49
80,21,50
80,22,51
80,23,52
80,24,53
80,25,54
80,26,55
80,27,56
80,28,57
80,29,58
80,30,59
80,31,60
80,32,61
80,33,62
80,34,63
80,35,64
80,36,65
80,37,66
80,38,67
80,39,68
80,40,69
80,41,70
80,42,71
80,43,72
80,44,73
80,45,74
80,46,75
80,47,76
80,48,77
80,49,78
80,50,79
80,51,80
80,52,81
80,53,82
80,54,83
80,55,84
80,56,85
80,57,86
80,58,87
80,59,88
80,60,89
80,61,90
80,62,91
80,63,92
80,64,93
80,65,94
80,66,95
80,67,96
80,68,97
80,69,98
80,70,99
80,71,100
80,72,101
80,73,102
80,74,103
80,75,104
80,76,105
80,77,106
80,78,107
80,79,108
80,80,109
80,81,110
80,82,111
80,83,112
80,84,113
80,85,114
80,86,115
80,87,116
80,88,117
80,89,118
80,90,119
80,91,120
80,92,121
80,93,122
80,94,123
80,95,124
80,96,125
80,97,126
80,98,127
80,99,128
80,100,129
80,101,130
80,102,131
80,103,132
80,104,133
80,105,134
80,106,135
80,107,136
80,108,137
80,109,138
80,110,139
80,111,140
80,112,141
80,113,142
80,114,143
80,115,144
80,116,145
80,117,146
80,118,147
80,119,148
80,120,149
80,121,150
80,122,151
80,123,152
80,124,153
80,125,154
80,126,155
80,127,156
80,128,157
80,129,158
80,130,159
80,131,160
80,132,161
80,133,162
80,134,163
80,135,164
80,136,165
80,137,166
80,138,167
80,139,168
80,140,169
80,141,170
80,142,171
80,143,172
80,144,173
80,145,174
80,146,175
80,147,176
80,148,177
80,149,178
80,150,179
80,151,180
80,152,181
80,153,182
80,154,183
80,155,184
80,156,185
81,1,30
81,2,31
81,3,32
81,4,33
81,5,34
81,6,35
81,7,36
81,8,37
81,9,38
81,10,39
81,11,40
81,12,41
81,13,42
81,14,43
81,15,44
81,16,45
81,17,46
81,18,47
81,19,48
81,20,49
81,21,50
81,22,51
81,23,52
81,24,53
81,25,54
81,26,55
81,27,56
81,28,57
81,29,58
81,30,59
81,31,60
81,32,61
81,33,62
81,34,63
81,35,64
81,36,65
81,37,66
81,38,67
81,39,68
81,40,69
81,41,70
81,42,71
81,43,72
81,44,73
81,45,74
81,46,75
81,47,76
81,48,77
81,49,78
81,50,79
81,51,80
81,52,81
81,53,82
81,54,83
81,55,84
81,56,85
81,57,86
81,58,87
81,59,88
81,60,89
81,61,90
81,62,91
81,63,92
81,64,93
81,65,94
81,66,95
81,67,96
81,68,97
81,69,98
81,70,99
81,71,100
81,72,101
81,73,102
81,74,103
81,75,104
81,76,105
81,77,106
81,78,107
81,79,108
81,80,109
81,81,110
81,82,111
81,83,112
81,84,113
81,85,114
81,86,115
81,87,116
81,88,117
81,89,118
81,90,119
81,91,120
81,92,121
81,93,122
81,94,123
81,95,124
81,96,125
81,97,126
81,98,127
81,99,128
81,100,129
81,101,130
81,102,131
81,103,132
81,104,133
81,105,134
81,106,135
81,107,136
81,108,137
81,109,138
81,110,139
81,111,140
81,112,141
81,113,142
81,114,143
81,115,144
81,116,145
81,117,146
81,118,147
81,119,148
81,120,149
81,121,150
81,122,151
81,123,152
81,124,153
81,125,154
81,126,155
81,127,156
81,128,157
81,129,158
81,130,159
81,131,160
81,132,161
81,133,162
81,134,163
81,135,164
81,136,165
81,137,166
81,138,167
81,139,168
81,140,169
81,141,170
81,142,171
81,143,172
81,144,173
81,145,174
81,146,175
81,147,176
81,148,177
81,149,178
81,150,179
81,151,180
81,152,181
81,153,182
81,154,183
81,155,184
81,156,185
81,157,186
81,158,187
81,159,188
81,160,189
81,161,190
81,162,191
81,163,192
81,164,193
81,165,194
81,166,195
81,167,196
81,168,197
81,169,198
81,170,199
81,171,200
81,172,201
81,173,202
81,174,203
81,175,204
81,176,205
81,177,206
81,178,207
81,179,208
81,180,209
81,181,210
81,182,211
81,183,212
81,184,213
81,185,214
81,186,215
81,187,216
81,188,217
81,189,218
81,190,219
81,191,220
81,192,221
81,193,222
81,194,223
81,195,224
81,196,225
81,197,226
81,198,227
81,199,228
81,200,229
81,201,230
81,202,231
81,203,232
81,204,233
81,205,234
81,206,235
81,207,236
81,208,237
81,209,238
81,210,239
81,211,240
82,1,30
82,2,31
82,3,32
82,4,33
82,5,34
82,6,35
82,7,36
82,8,37
82,9,38
82,10,39
82,11,40
82,12,41
82,13,42
82,14,43
82,15,44
82,16,45
82,17,46
82,18,47
82,19,48
82,20,49
82,21,50
82,22,51
82,23,52
82,24,53
82,25,54
82,26,55
82,27,56
82,28,57
82,29,58
82,30,59
82,31,60
82,32,61
82,33,62
82,34,63
82,35,64
82,36,65
82,37,66
82,38,67
82,39,68
82,40,69
82,41,70
82,42,71
82,43,72
82,44,73
82,45,74
82,46,75
82,47,76
82,48,77
82,49,78
82,50,79
82,51,80
82,52,81
82,53,82
82,54,83
82,55,84
82,56,85
82,57,86
82,58,87
82,59,88
82,60,89
82,61,90
82,62,91
82,63,92
82,64,93
82,65,94
82,66,95
82,67,96
82,68,97
82,69,98
82,70,99
82,71,100
82,72,101
82,73,102
82,74,103
82,75,104
82,76,105
82,77,106
82,78,107
82,79,108
82,80,109
82,81,110
82,82,111
82,83,112
82,84,113
82,85,114
82,86,115
82,87,116
82,88,117
82,89,118
82,90,119
82,91,120
82,92,121
82,93,122
82,94,123
82,95,124
82,96,125
82,97,126
82,98,127
82,99,128
82,100,129
82,101,130
82,102,131
82,103,132
82,104,133
82,105,134
82,106,135
82,107,136
82,108,137
82,109,138
82,110,139
82,111,140
82,112,141
82,113,142
82,114,143
82,115,144
82,116,145
82,117,146
82,118,147
82,119,148
82,120,149
82,121,150
82,122,151
82,123,152
82,124,153
82,125,154
82,126,155
82,127,156
82,128,157
82,129,158
82,130,159
82,131,160
82,132,161
82,133,162
82,134,163
82,135,164
82,136,165
82,137,166
82,138,167
82,139,168
82,140,169
82,141,170
82,142,171
82,143,172
82,144,173
82,145,174
82,146,175
82,147,176
82,148,177
82,149,178
82,150,179
82,151,180
82,152,181
82,153,182
82,154,183
82,155,184
82,156,185
82,157,186
82,158,187
82,159,188
82,160,189
82,161,190
82,162,191
82,163,192
82,164,193
82,165,194
82,166,195
82,167,196
82,168,197
82,169,198
82,170,199
82,171,200
82,172,201
82,173,202
82,174,203
82,175,204
82,176,205
82,177,206
82,178,207
82,179,208
82,180,209
82,181,210
82,182,211
82,183,212
82,184,213
82,185,214
83,1,30
83,2,31
83,3,32
83,4,33
83,5,34
83,6,35
83,7,36
83,8,37
83,9,38
83,10,39
83,11,40
83,12,41
83,13,42
83,14,43
83,15,44
83,16,45
83,17,46
83,18,47
83,19,48
83,20,49
83,21,50
83,22,51
83,23,52
83,24,53
83,25,54
83,26,55
83,27,56
83,28,57
83,29,58
83,30,59
83,31,60
83,32,61
83,33,62
83,34,63
83,35,64
83,36,65
83,37,66
83,38,67
83,39,68
83,40,69
83,41,70
83,42,71
83,43,72
83,44,73
83,45,74
83,46,75
83,47,76
83,48,77
83,49,78
83,50,79
83,51,80
83,52,81
83,53,82
83,54,83
83,55,84
83,56,85
83,57,86
83,58,87
83,59,88
83,60,89
83,61,90
83,62,91
83,63,92
83,64,93
83,65,94
83,66,95
83,67,96
83,68,97
83,69,98
83,70,99
83,71,100
83,72,101
83,73,102
83,74,103
83,75,104
83,76,105
83,77,106
83,78,107
83,79,108
83,80,109
83,81,110
83,82,111
83,83,112
83,84,113
83,85,114
83,86,115
83,87,116
83,88,117
83,89,118
83,90,119
83,91,120
83,92,121
83,93,122
83,94,123
83,95,124
83,96,125
83,97,126
83,98,127
83,99,128
83,100,129
83,101,130
83,102,131
83,103,132
83,104,133
83,105,134
83,106,135
83,107,136
83,108,137
83,109,138
83,110,139
83,111,140
83,112,141
83,113,142
83,114,143
83,115,144
83,116,145
83,117,146
83,118,147
83,119,148
83,120,149
83,121,150
83,122,151
83,123,152
83,124,153
83,125,154
83,126,155
83,127,156
83,128,157
83,129,158
83,130,159
83,131,160
83,132,161
83,133,162
83,134,163
83,135,164
83,136,165
83,137,166
83,138,167
83,139,168
83,140,169
83,141,170
83,142,171
83,143,172
83,144,173
83,145,174
83,146,175
83,147,176
83,148,177
83,149,178
83,150,179
83,151,180
83,152,181
83,153,182
83,154,183
83,155,184
83,156,185
83,157,186
83,158,187
83,159,188
83,160,189
83,161,190
83,162,191
83,163,192
83,164,193
83,165,194
83,166,195
83,167,196
83,168,197
83,169,198
83,170,199
83,171,200
83,172,201
83,173,202
83,174,203
83,175,204
83,176,205
83,177,206
83,178,207
83,179,208
83,180,209
83,181,210
83,182,211
83,183,212
83,184,213
83,185,214
83,186,215
83,187,216
83,188,217
83,189,218
83,190,219
83,191,220
83,192,221
83,193,222
83,194,223
83,195,224
83,196,225
83,197,226
83,198,227
83,199,228
83,200,229
83,201,230
83,202,231
83,203,232
83,204,233
83,205,234
83,206,235
83,207,236
83,208,237
83,209,238
83,210,239
83,211,240
83,212,241
83,213,242
83,214,243
83,215,244
83,216,245
83,217,246
83,218,247
83,219,248
83,220,249
83,221,250
83,222,251
83,223,252
83,224,253
83,225,254
83,226,255
83,227,256
83,228,257
83,229,258
83,230,259
83,231,260
83,232,261
83,233,262
83,234,263
83,235,264
83,236,265
83,237,266
83,238,267
83,239,268
83,240,269
83,241,270
83,242,271
83,243,272
83,244,273
83,245,274
83,246,275
83,247,276
83,248,277
83,249,278
83,250,279
83,251,280
83,252,281
83,253,282
83,254,283
83,255,284
83,256,285
83,257,286
83,258,287
83,259,288
83,260,289
83,261,290
83,262,291
83,263,292
83,264,293
84,1,30
84,2,31
84,3,32
84,4,33
84,5,34
84,6,35
84,7,36
84,8,37
84,9,38
84,10,39
84,11,40
84,12,41
84,13,42
84,14,43
84,15,44
84,16,45
84,17,46
84,18,47
84,19,48
84,20,49
84,21,50
84,22,51
84,23,52
84,24,53
84,25,54
84,26,55
84,27,56
84,28,57
84,29,58
84,30,59
84,31,60
84,32,61
84,33,62
84,34,63
84,35,64
84,36,65
84,37,66
84,38,67
84,39,68
84,40,69
84,41,70
84,42,71
84,43,72
84,44,73
84,45,74
84,46,75
84,47,76
84,48,77
84,49,78
84,50,79
84,51,80
84,52,81
84,53,82
84,54,83
84,55,84
84,56,85
84,57,86
84,58,87
84,59,88
84,60,89
84,61,90
84,62,91
84,63,92
84,64,93
84,65,94
84,66,95
84,67,96
84,68,97
84,69,98
84,70,99
84,71,100
84,72,101
84,73,102
84,74,103
84,75,104
84,76,105
84,77,106
84,78,107
84,79,108
84,80,109
84,81,110
84,82,111
84,83,112
84,84,113
84,85,114
84,86,115
84,87,116
84,88,117
84,89,118
84,90,119
84,91,120
84,92,121
84,93,122
84,94,123
84,95,124
84,96,125
84,97,126
84,98,127
84,99,128
84,100,129
84,101,130
84,102,131
84,103,132
84,104,133
84,105,134
84,106,135
84,107,136
84,108,137
84,109,138
84,110,139
84,111,140
84,112,141
84,113,142
84,114,143
84,115,144
84,116,145
84,117,146
84,118,147
84,119,148
84,120,149
84,121,150
84,122,151
84,123,152
84,124,153
84,125,154
84,126,155
84,127,156
84,128,157
84,129,158
84,130,159
84,131,160
84,132,161
84,133,162
84,134,163
84,135,164
84,136,165
84,137,166
84,138,167
84,139,168
84,140,169
84,141,170
84,142,171
84,143,172
84,144,173
84,145,174
84,146,175
84,147,176
84,148,177
84,149,178
84,150,179
84,151,180
84,152,181
84,153,182
84,154,183
84,155,184
84,156,185
84,157,186
84,158,187
84,159,188
84,160,189
84,161,190
84,162,191
84,163,192
84,164,193
84,165,194
84,166,195
84,167,196
84,168,197
84,169,198
84,170,199
84,171,200
84,172,201
84,173,202
84,174,203
84,175,204
84,176,205
84,177,206
84,178,207
84,179,208
84,180,209
84,181,210
84,182,211
84,183,212
84,184,213
84,185,214
84,186,215
84,187,216
84,188,217
84,189,218
84,190,219
84,191,220
84,192,221
84,193,222
84,194,223
84,195,224
84,196,225
84,197,226
84,198,227
84,199,228
84,200,229
84,201,230
84,202,231
84,203,232
84,204,233
84,205,234
84,206,235
84,207,236
84,208,237
84,209,238
84,210,239
84,211,240
84,212,241
84,213,242
84,214,243
84,215,244
84,216,245
84,217,246
84,218,247
84,219,248
84,220,249
84,221,250
84,222,251
84,223,252
84,224,253
84,225,254
84,226,255
84,227,256
84,228,257
84,229,258
84,230,259
84,231,260
84,232,261
84,233,262
84,234,263
84,235,264
84,236,265
84,237,266
84,238,267
85,1,30
85,2,31
85,3,32
85,4,33
85,5,34
85,6,35
85,7,36
85,8,37
85,9,38
85,10,39
85,11,40
85,12,41
85,13,42
85,14,43
85,15,44
85,16,45
85,17,46
85,18,47
85,19,48
85,20,49
85,21,50
85,22,51
85,23,52
85,24,53
85,25,54
85,26,55
85,27,56
85,28,57
85,29,58
85,30,59
85,31,60
85,32,61
85,33,62
85,34,63
85,35,64
85,36,65
85,37,66
85,38,67
85,39,68
85,40,69
85,41,70
85,42,71
85,43,72
85,44,73
85,45,74
85,46,75
85,47,76
85,48,77
85,49,78
85,50,79
85,51,80
85,52,81
85,53,82
85,54,83
85,55,84
85,56,85
85,57,86
85,58,87
85,59,88
85,60,89
85,61,90
85,62,91
85,63,92
85,64,93
85,65,94
85,66,95
85,67,96
85,68,97
85,69,98
85,70,99
85,71,100
85,72,101
85,73,102
85,74,103
85,75,104
85,76,105
85,77,106
85,78,107
85,79,108
85,80,109
85,81,110
85,82,111
85,83,112
85,84,113
85,85,114
85,86,115
85,87,116
85,88,117
85,89,118
85,90,119
85,91,120
85,92,121
85,93,122
85,94,123
85,95,124
85,96,125
85,97,126
85,98,127
85,99,128
85,100,129
85,101,130
85,102,131
85,103,132
85,104,133
85,105,134
85,106,135
85,107,136
85,108,137
85,109,138
85,110,139
85,111,140
85,112,141
85,113,142
85,114,143
85,115,144
85,116,145
85,117,146
85,118,147
85,119,148
85,120,149
85,121,150
85,122,151
85,123,152
85,124,153
85,125,154
85,126,155
85,127,156
85,128,157
85,129,158
85,130,159
85,131,160
85,132,161
85,133,162
85,134,163
85,135,164
85,136,165
85,137,166
85,138,167
85,139,168
85,140,169
85,141,170
85,142,171
85,143,172
85,144,173
85,145,174
85,146,175
85,147,176
85,148,177
85,149,178
85,150,179
85,151,180
85,152,181
85,153,182
85,154,183
85,155,184
85,156,185
85,157,186
85,158,187
85,159,188
86,1,30
86,2,31
86,3,32
86,4,33
86,5,34
86,6,35
86,7,36
86,8,37
86,9,38
86,10,39
86,11,40
86,12,41
86,13,42
86,14,43
86,15,44
86,16,45
86,17,46
86,18,47
86,19,48
86,20,49
86,21,50
86,22,51
86,23,52
86,24,53
86,25,54
86,26,55
86,27,56
86,28,57
86,29,58
86,30,59
86,31,60
86,32,61
86,33,62
86,34,63
86,35,64
86,36,65
86,37,66
86,38,67
86,39,68
86,40,69
86,41,70
86,42,71
86,43,72
86,44,73
86,45,74
86,46,75
86,47,76
86,48,77
86,49,78
86,50,79
86,51,80
86,52,81
86,53,82
86,54,83
86,55,84
86,56,85
86,57,86
86,58,87
86,59,88
86,60,89
86,61,90
86,62,91
86,63,92
86,64,93
86,65,94
86,66,95
86,67,96
86,68,97
86,69,98
86,70,99
86,71,100
86,72,101
86,73,102
86,74,103
86,75,104
86,76,105
86,77,106
86,78,107
86,79,108
86,80,109
86,81,110
86,82,111
86,83,112
86,84,113
86,85,114
86,86,115
86,87,116
86,88,117
86,89,118
86,90,119
86,91,120
86,92,121
86,93,122
86,94,123
86,95,124
86,96,125
86,97,126
86,98,127
86,99,128
86,100,129
86,101,130
86,102,131
86,103,132
86,104,133
86,105,134
86,106,135
86,107,136
86,108,137
86,109,138
86,110,139
86,111,140
86,112,141
86,113,142
86,114,143
86,115,144
86,116,145
86,117,146
86,118,147
86,119,148
86,120,149
86,121,150
86,122,151
86,123,152
86,124,153
86,125,154
86,126,155
86,127,156
86,128,157
86,129,158
86,130,159
86,131,160
86,132,161
86,133,162
86,134,163
86,135,164
86,136,165
86,137,166
86,138,167
86,139,168
86,140,169
86,141,170
86,142,171
86,143,172
86,144,173
86,145,174
86,146,175
86,147,176
86,148,177
86,149,178
86,150,179
86,151,180
86,152,181
86,153,182
86,154,183
86,155,184
86,156,185
86,157,186
86,158,187
86,159,188
86,160,189
86,161,190
86,162,191
86,163,192
86,164,193
86,165,194
86,166,195
86,167,196
86,168,197
86,169,198
86,170,199
86,171,200
86,172,201
86,173,202
86,174,203
86,175,204
86,176,205
86,177,206
86,178,207
86,179,208
86,180,209
86,181,210
86,182,211
86,183,212
86,184,213
86,185,214
86,186,215
86,187,216
86,188,217
86,189,218
86,190,219
86,191,220
86,192,221
86,193,222
86,194,223
86,195,224
86,196,225
86,197,226
86,198,227
86,199,228
86,200,229
86,201,230
86,202,231
86,203,232
86,204,233
86,205,234
86,206,235
86,207,236
86,208,237
86,209,238
86,210,239
86,211,240
86,212,241
86,213,242
86,214,243
86,215,244
86,216,245
86,217,246
86,218,247
86,219,248
86,220,249
86,221,250
86,222,251
86,223,252
86,224,253
86,225,254
86,226,255
86,227,256
86,228,257
86,229,258
86,230,259
86,231,260
86,232,261
86,233,262
86,234,263
86,235,264
86,236,265
86,237,266
86,238,267
86,239,268
86,240,269
86,241,270
86,242,271
86,243,272
86,244,273
86,245,274
86,246,275
86,247,276
86,248,277
86,249,278
87,1,30
87,2,31
87,3,32
87,4,33
87,5,34
87,6,35
87,7,36
87,8,37
87,9,38
87,10,39
87,11,40
87,12,41
87,13,42
87,14,43
87,15,44
87,16,45
87,17,46
87,18,47
87,19,48
87,20,49
87,21,50
87,22,51
87,23,52
87,24,53
87,25,54
87,26,55
87,27,56
87,28,57
87,29,58
87,30,59
87,31,60
87,32,61
87,33,62
87,34,63
87,35,64
87,36,65
87,37,66
87,38,67
87,39,68
87,40,69
87,41,70
87,42,71
87,43,72
87,44,73
87,45,74
87,46,75
87,47,76
87,48,77
87,49,78
87,50,79
87,51,80
87,52,81
87,53,82
87,54,83
87,55,84
87,56,85
87,57,86
87,58,87
87,59,88
87,60,89
87,61,90
87,62,91
87,63,92
87,64,93
87,65,94
87,66,95
87,67,96
87,68,97
87,69,98
87,70,99
87,71,100
87,72,101
87,73,102
87,74,103
87,75,104
87,76,105
87,77,106
87,78,107
87,79,108
87,80,109
87,81,110
87,82,111
87,83,112
87,84,113
87,85,114
87,86,115
87,87,116
87,88,117
87,89,118
87,90,119
87,91,120
87,92,121
87,93,122
87,94,123
87,95,124
87,96,125
87,97,126
87,98,127
87,99,128
87,100,129
87,101,130
87,102,131
87,103,132
87,104,133
87,105,134
87,106,135
87,107,136
87,108,137
87,109,138
87,110,139
87,111,140
87,112,141
87,113,142
87,114,143
87,115,144
87,116,145
87,117,146
87,118,147
87,119,148
87,120,149
87,121,150
87,122,151
87,123,152
87,124,153
87,125,154
87,126,155
87,127,156
87,128,157
87,129,158
87,130,159
87,131,160
87,132,161
87,133,162
87,134,163
87,135,164
87,136,165
87,137,166
87,138,167
87,139,168
87,140,169
87,141,170
87,142,171
87,143,172
87,144,173
87,145,174
87,146,175
87,147,176
87,148,177
87,149,178
88,1,30
88,2,31
88,3,32
88,4,33
88,5,34
88,6,35
88,7,36
88,8,37
88,9,38
88,10,39
88,11,40
88,12,41
88,13,42
88,14,43
88,15,44
88,16,45
88,17,46
88,18,47
88,19,48
88,20,49
88,21,50
88,22,51
88,23,52
88,24,53
88,25,54
88,26,55
88,27,56
88,28,57
88,29,58
88,30,59
88,31,60
88,32,61
88,33,62
88,34,63
88,35,64
88,36,65
88,37,66
88,38,67
88,39,68
88,40,69
88,41,70
88,42,71
88,43,72
88,44,73
88,45,74
88,46,75
88,47,76
88,48,77
88,49,78
88,50,79
88,51,80
88,52,81
88,53,82
88,54,83
88,55,84
88,56,85
88,57,86
88,58,87
88,59,88
88,60,89
88,61,90
88,62,91
88,63,92
88,64,93
88,65,94
88,66,95
88,67,96
88,68,97
88,69,98
88,70,99
88,71,100
88,72,101
88,73,102
88,74,103
88,75,104
88,76,105
88,77,106
88,78,107
88,79,108
88,80,109
88,81,110
88,82,111
88,83,112
88,84,113
88,85,114
88,86,115
88,87,116
88,88,117
88,89,118
88,90,119
88,91,120
88,92,121
88,93,122
88,94,123
88,95,124
88,96,125
88,97,126
88,98,127
88,99,128
88,100,129
88,101,130
88,102,131
88,103,132
88,104,133
88,105,134
88,106,135
88,107,136
88,108,137
88,109,138
88,110,139
88,111,140
88,112,141
88,113,142
88,114,143
88,115,144
88,116,145
88,117,146
88,118,147
88,119,148
88,120,149
88,121,150
88,122,151
88,123,152
88,124,153
88,125,154
88,126,155
88,127,156
88,128,157
88,129,158
88,130,159
88,131,160
88,132,161
88,133,162
88,134,163
88,135,164
88,136,165
88,137,166
88,138,167
88,139,168
88,140,169
88,141,170
88,142,171
88,143,172
88,144,173
88,145,174
88,146,175
88,147,176
88,148,177
88,149,178
88,150,179
88,151,180
88,152,181
88,153,182
88,154,183
88,155,184
88,156,185
88,157,186
88,158,187
88,159,188
88,160,189
88,161,190
88,162,191
88,163,192
88,164,193
88,165,194
88,166,195
88,167,196
88,168,197
88,169,198
88,170,199
88,171,200
88,172,201
88,173,202
88,174,203
88,175,204
88,176,205
88,177,206
88,178,207
88,179,208
88,180,209
88,181,210
88,182,211
88,183,212
88,184,213
89,1,30
89,2,31
89,3,32
89,4,33
89,5,34
89,6,35
89,7,36
89,8,37
89,9,38
89,10,39
89,11,40
89,12,41
89,13,42
89,14,43
89,15,44
89,16,45
89,17,46
89,18,47
89,19,48
89,20,49
89,21,50
89,22,51
89,23,52
89,24,53
89,25,54
89,26,55
89,27,56
89,28,57
89,29,58
89,30,59
89,31,60
89,32,61
89,33,62
89,34,63
89,35,64
89,36,65
89,37,66
89,38,67
89,39,68
89,40,69
89,41,70
89,42,71
89,43,72
89,44,73
89,45,74
89,46,75
89,47,76
89,48,77
89,49,78
89,50,79
89,51,80
89,52,81
89,53,82
89,54,83
89,55,84
89,56,85
89,57,86
89,58,87
89,59,88
89,60,89
89,61,90
89,62,91
89,63,92
89,64,93
89,65,94
89,66,95
89,67,96
89,68,97
89,69,98
89,70,99
89,71,100
89,72,101
89,73,102
89,74,103
89,75,104
89,76,105
89,77,106
89,78,107
89,79,108
89,80,109
89,81,110
89,82,111
89,83,112
89,84,113
89,85,114
89,86,115
89,87,116
89,88,117
89,89,118
89,90,119
89,91,120
89,92,121
89,93,122
89,94,123
89,95,124
89,96,125
89,97,126
89,98,127
89,99,128
89,100,129
89,101,130
89,102,131
89,103,132
89,104,133
89,105,134
89,106,135
89,107,136
89,108,137
89,109,138
89,110,139
89,111,140
89,112,141
89,113,142
89,114,143
89,115,144
89,116,145
89,117,146
89,118,147
89,119,148
89,120,149
89,121,150
89,122,151
89,123,152
89,124,153
89,125,154
89,126,155
89,127,156
89,128,157
89,129,158
89,130,159
89,131,160
89,132,161
89,133,162
89,134,163
89,135,164
89,136,165
89,137,166
89,138,167
89,139,168
89,140,169
89,141,170
89,142,171
89,143,172
89,144,173
89,145,174
89,146,175
89,147,176
89,148,177
89,149,178
89,150,179
89,151,180
89,152,181
89,153,182
89,154,183
89,155,184
89,156,185
89,157,186
89,158,187
89,159,188
89,160,189
89,161,190
89,162,191
89,163,192
89,164,193
89,165,194
89,166,195
89,167,196
89,168,197
89,169,198
89,170,199
89,171,200
89,172,201
89,173,202
89,174,203
89,175,204
89,176,205
89,177,206
89,178,207
89,179,208
89,180,209
89,181,210
89,182,211
89,183,212
89,184,213
89,185,214
89,186,215
89,187,216
89,188,217
90,1,30
90,2,31
90,3,32
90,4,33
90,5,34
90,6,35
90,7,36
90,8,37
90,9,38
90,10,39
90,11,40
90,12,41
90,13,42
90,14,43
90,15,44
90,16,45
90,17,46
90,18,47
90,19,48
90,20,49
90,21,50
90,22,51
90,23,52
90,24,53
90,25,54
90,26,55
90,27,56
90,28,57
90,29,58
90,30,59
90,31,60
90,32,61
90,33,62
90,34,63
90,35,64
90,36,65
90,37,66
90,38,67
90,39,68
90,40,69
90,41,70
90,42,71
90,43,72
90,44,73
90,45,74
90,46,75
90,47,76
90,48,77
90,49,78
90,50,79
90,51,80
90,52,81
90,53,82
90,54,83
90,55,84
90,56,85
90,57,86
90,58,87
90,59,88
90,60,89
90,61,90
90,62,91
90,63,92
90,64,93
90,65,94
90,66,95
90,67,96
90,68,97
90,69,98
90,70,99
90,71,100
90,72,101
90,73,102
90,74,103
90,75,104
90,76,105
90,77,106
90,78,107
90,79,108
90,80,109
90,81,110
90,82,111
90,83,112
90,84,113
90,85,114
90,86,115
90,87,116
90,88,117
90,89,118
90,90,119
90,91,120
90,92,121
90,93,122
90,94,123
90,95,124
90,96,125
90,97,126
90,98,127
90,99,128
90,100,129
90,101,130
90,102,131
90,103,132
90,104,133
90,105,134
90,106,135
90,107,136
90,108,137
90,109,138
90,110,139
90,111,140
90,112,141
90,113,142
90,114,143
90,115,144
90,116,145
90,117,146
90,118,147
90,119,148
90,120,149
90,121,150
90,122,151
90,123,152
90,124,153
90,125,154
91,1,30
91,2,31
91,3,32
91,4,33
91,5,34
91,6,35
91,7,36
91,8,37
91,9,38
91,10,39
91,11,40
91,12,41
91,13,42
91,14,43
91,15,44
91,16,45
91,17,46
91,18,47
91,19,48
91,20,49
91,21,50
91,22,51
91,23,52
91,24,53
91,25,54
91,26,55
91,27,56
91,28,57
91,29,58
91,30,59
91,31,60
91,32,61
91,33,62
91,34,63
91,35,64
91,36,65
91,37,66
91,38,67
91,39,68
91,40,69
91,41,70
91,42,71
91,43,72
91,44,73
91,45,74
91,46,75
91,47,76
91,48,77
91,49,78
91,50,79
91,51,80
91,52,81
91,53,82
91,54,83
91,55,84
91,56,85
91,57,86
91,58,87
91,59,88
91,60,89
91,61,90
91,62,91
91,63,92
91,64,93
91,65,94
91,66,95
91,67,96
91,68,97
91,69,98
91,70,99
91,71,100
91,72,101
91,73,102
91,74,103
91,75,104
91,76,105
91,77,106
91,78,107
91,79,108
91,80,109
91,81,110
91,82,111
91,83,112
91,84,113
91,85,114
91,86,115
91,87,116
91,88,117
91,89,118
91,90,119
91,91,120
91,92,121
91,93,122
91,94,123
91,95,124
91,96,125
91,97,126
91,98,127
91,99,128
91,100,129
91,101,130
91,102,131
91,103,132
91,104,133
91,105,134
91,106,135
92,1,30
92,2,31
92,3,32
92,4,33
92,5,34
92,6,35
92,7,36
92,8,37
92,9,38
92,10,39
92,11,40
92,12,41
92,13,42
92,14,43
92,15,44
92,16,45
92,17,46
92,18,47
92,19,48
92,20,49
92,21,50
92,22,51
92,23,52
92,24,53
92,25,54
92,26,55
92,27,56
92,28,57
92,29,58
92,30,59
92,31,60
92,32,61
92,33,62
92,34,63
92,35,64
92,36,65
92,37,66
92,38,67
92,39,68
92,40,69
92,41,70
92,42,71
92,43,72
92,44,73
92,45,74
92,46,75
92,47,76
92,48,77
92,49,78
92,50,79
92,51,80
92,52,81
92,53,82
92,54,83
92,55,84
92,56,85
92,57,86
92,58,87
92,59,88
92,60,89
92,61,90
92,62,91
92,63,92
92,64,93
92,65,94
92,66,95
92,67,96
92,68,97
92,69,98
92,70,99
92,71,100
92,72,101
92,73,102
92,74,103
92,75,104
92,76,105
92,77,106
92,78,107
92,79,108
92,80,109
92,81,110
92,82,111
92,83,112
92,84,113
92,85,114
92,86,115
92,87,116
92,88,117
92,89,118
92,90,119
92,91,120
92,92,121
92,93,122
92,94,123
92,95,124
92,96,125
92,97,126
92,98,127
92,99,128
92,100,129
92,101,130
92,102,131
92,103,132
92,104,133
92,105,134
92,106,135
92,107,136
92,108,137
92,109,138
92,110,139
92,111,140
92,112,141
92,113,142
92,114,143
92,115,144
92,116,145
92,117,146
92,118,147
92,119,148
92,120,149
92,121,150
92,122,151
92,123,152
92,124,153
92,125,154
92,126,155
92,127,156
92,128,157
92,129,158
92,130,159
92,131,160
92,132,161
92,133,162
92,134,163
92,135,164
92,136,165
92,137,166
92,138,167
92,139,168
92,140,169
92,141,170
92,142,171
92,143,172
92,144,173
92,145,174
92,146,175
92,147,176
92,148,177
92,149,178
92,150,179
92,151,180
92,152,181
92,153,182
92,154,183
92,155,184
92,156,185
92,157,186
92,158,187
92,159,188
92,160,189
92,161,190
92,162,191
92,163,192
92,164,193
92,165,194
92,166,195
92,167,196
92,168,197
92,169,198
92,170,199
92,171,200
92,172,201
92,173,202
92,174,203
92,175,204
92,176,205
92,177,206
92,178,207
92,179,208
92,180,209
92,181,210
92,182,211
92,183,212
92,184,213
92,185,214
92,186,215
92,187,216
92,188,217
92,189,218
92,190,219
92,191,220
92,192,221
92,193,222
92,194,223
92,195,224
92,196,225
92,197,226
92,198,227
92,199,228
92,200,229
92,201,230
92,202,231
92,203,232
92,204,233
92,205,234
92,206,235
92,207,236
92,208,237
92,209,238
92,210,239
92,211,240
92,212,241
92,213,242
92,214,243
92,215,244
92,216,245
92,217,246
92,218,247
92,219,248
92,220,249
92,221,250
92,222,251
92,223,252
92,224,253
92,225,254
92,226,255
92,227,256
92,228,257
92,229,258
92,230,259
92,231,260
92,232,261
92,233,262
92,234,263
92,235,264
92,236,265
92,237,266
92,238,267
92,239,268
92,240,269
92,241,270
92,242,271
92,243,272
92,244,273
92,245,274
92,246,275
92,247,276
92,248,277
92,249,278
92,250,279
92,251,280
92,252,281
92,253,282
92,254,283
92,255,284
92,256,285
92,257,286
92,258,287
92,259,288
92,260,289
92,261,290
92,262,291
92,263,292
92,264,293
92,265,294
92,266,295
92,267,296
92,268,297
92,269,298
92,270,299
92,271,300
92,272,301
92,273,302
92,274,303
92,275,304
92,276,305
92,277,306
92,278,307
92,279,308
92,280,309
92,281,310
92,282,311
92,283,312
92,284,313
92,285,314
92,286,315
92,287,316
92,288,317
92,289,318
92,290,319
92,291,320
92,292,321
92,293,322
92,294,323
92,295,324
92,296,325
92,297,326
92,298,327
92,299,328
92,300,329
92,301,330
92,302,331
92,303,332
92,304,333
92,305,334
92,306,335
92,307,336
92,308,337
92,309,338
92,310,339
92,311,340
92,312,341
93,1,30
93,2,31
93,3,32
93,4,33
93,5,34
93,6,35
93,7,36
93,8,37
93,9,38
93,10,39
93,11,40
93,12,41
93,13,42
93,14,43
93,15,44
93,16,45
93,17,46
93,18,47
93,19,48
93,20,49
93,21,50
93,22,51
93,23,52
93,24,53
93,25,54
93,26,55
93,27,56
93,28,57
93,29,58
93,30,59
93,31,60
93,32,61
93,33,62
93,34,63
93,35,64
93,36,65
93,37,66
93,38,67
93,39,68
93,40,69
93,41,70
93,42,71
93,43,72
93,44,73
93,45,74
93,46,75
93,47,76
93,48,77
93,49,78
93,50,79
93,51,80
93,52,81
93,53,82
93,54,83
93,55,84
93,56,85
93,57,86
93,58,87
93,59,88
93,60,89
93,61,90
93,62,91
93,63,92
93,64,93
93,65,94
93,66,95
93,67,96
93,68,97
93,69,98
93,70,99
93,71,100
93,72,101
93,73,102
93,74,103
93,75,104
93,76,105
93,77,106
93,78,107
93,79,108
93,80,109
93,81,110
93,82,111
93,83,112
93,84,113
93,85,114
93,86,115
93,87,116
93,88,117
93,89,118
93,90,119
93,91,120
93,92,121
93,93,122
93,94,123
93,95,124
93,96,125
93,97,126
93,98,127
93,99,128
93,100,129
93,101,130
93,102,131
93,103,132
93,104,133
93,105,134
93,106,135
93,107,136
93,108,137
93,109,138
93,110,139
93,111,140
93,112,141
93,113,142
93,114,143
93,115,144
93,116,145
93,117,146
93,118,147
93,119,148
93,120,149
93,121,150
93,122,151
93,123,152
93,124,153
93,125,154
93,126,155
94,1,30
94,2,31
94,3,32
94,4,33
94,5,34
94,6,35
94,7,36
94,8,37
94,9,38
94,10,39
94,11,40
94,12,41
94,13,42
94,14,43
94,15,44
94,16,45
94,17,46
94,18,47
94,19,48
94,20,49
94,21,50
94,22,51
94,23,52
94,24,53
94,25,54
94,26,55
94,27,56
94,28,57
94,29,58
94,30,59
94,31,60
94,32,61
94,33,62
94,34,63
94,35,64
94,36,65
94,37,66
94,38,67
94,39,68
94,40,69
94,41,70
94,42,71
94,43,72
94,44,73
94,45,74
94,46,75
94,47,76
94,48,77
94,49,78
94,50,79
94,51,80
94,52,81
94,53,82
94,54,83
94,55,84
94,56,85
94,57,86
94,58,87
94,59,88
94,60,89
94,61,90
94,62,91
94,63,92
94,64,93
94,65,94
94,66,95
94,67,96
94,68,97
94,69,98
94,70,99
94,71,100
94,72,101
94,73,102
94,74,103
94,75,104
94,76,105
94,77,106
94,78,107
94,79,108
94,80,109
94,81,110
94,82,111
94,83,112
94,84,113
94,85,114
94,86,115
94,87,116
94,88,117
94,89,118
94,90,119
94,91,120
94,92,121
94,93,122
94,94,123
94,95,124
94,96,125
94,97,126
94,98,127
94,99,128
94,100,129
94,101,130
94,102,131
94,103,132
94,104,133
94,105,134
94,106,135
94,107,136
94,108,137
94,109,138
94,110,139
94,111,140
94,112,141
94,113,142
94,114,143
94,115,144
94,116,145
94,117,146
94,118,147
94,119,148
94,120,149
94,121,150
94,122,151
94,123,152
94,124,153
94,125,154
94,126,155
94,127,156
94,128,157
94,129,158
94,130,159
94,131,160
94,132,161
94,133,162
94,134,163
94,135,164
94,136,165
94,137,166
94,138,167
94,139,168
94,140,169
94,141,170
94,142,171
94,143,172
94,144,173
94,145,174
94,146,175
94,147,176
94,148,177
94,149,178
94,150,179
94,151,180
94,152,181
94,153,182
94,154,183
94,155,184
94,156,185
94,157,186
94,158,187
94,159,188
94,160,189
94,161,190
94,162,191
94,163,192
94,164,193
94,165,194
94,166,195
94,167,196
94,168,197
94,169,198
94,170,199
94,171,200
94,172,201
94,173,202
94,174,203
94,175,204
94,176,205
94,177,206
94,178,207
94,179,208
94,180,209
94,181,210
94,182,211
94,183,212
94,184,213
94,185,214
94,186,215
94,187,216
94,188,217
94,189,218
94,190,219
94,191,220
94,192,221
94,193,222
94,194,223
94,195,224
94,196,225
94,197,226
94,198,227
94,199,228
94,200,229
94,201,230
94,202,231
94,203,232
94,204,233
94,205,234
94,206,235
94,207,236
94,208,237
94,209,238
94,210,239
94,211,240
94,212,241
94,213,242
94,214,243
94,215,244
94,216,245
94,217,246
94,218,247
94,219,248
94,220,249
94,221,250
94,222,251
94,223,252
94,224,253
94,225,254
94,226,255
94,227,256
94,228,257
94,229,258
95,1,30
95,2,31
95,3,32
95,4,33
95,5,34
95,6,35
95,7,36
95,8,37
95,9,38
95,10,39
95,11,40
95,12,41
95,13,42
95,14,43
95,15,44
95,16,45
95,17,46
95,18,47
95,19,48
95,20,49
95,21,50
95,22,51
95,23,52
95,24,53
95,25,54
95,26,55
95,27,56
95,28,57
95,29,58
95,30,59
95,31,60
95,32,61
95,33,62
95,34,63
95,35,64
95,36,65
95,37,66
95,38,67
95,39,68
95,40,69
95,41,70
95,42,71
95,43,72
95,44,73
95,45,74
95,46,75
95,47,76
95,48,77
95,49,78
95,50,79
95,51,80
95,52,81
95,53,82
95,54,83
95,55,84
95,56,85
95,57,86
95,58,87
95,59,88
95,60,89
95,61,90
95,62,91
95,63,92
95,64,93
95,65,94
95,66,95
95,67,96
95,68,97
95,69,98
95,70,99
95,71,100
95,72,101
95,73,102
95,74,103
95,75,104
95,76,105
95,77,106
95,78,107
95,79,108
95,80,109
95,81,110
95,82,111
95,83,112
95,84,113
95,85,114
95,86,115
95,87,116
95,88,117
95,89,118
95,90,119
95,91,120
95,92,121
95,93,122
95,94,123
95,95,124
95,96,125
95,97,126
95,98,127
95,99,128
95,100,129
95,101,130
95,102,131
95,103,132
95,104,133
95,105,134
95,106,135
95,107,136
95,108,137
95,109,138
95,110,139
95,111,140
95,112,141
95,113,142
95,114,143
95,115,144
95,116,145
95,117,146
95,118,147
95,119,148
95,120,149
95,121,150
95,122,151
95,123,152
95,124,153
95,125,154
95,126,155
95,127,156
95,128,157
95,129,158
95,130,159
95,131,160
95,132,161
95,133,162
95,134,163
95,135,164
95,136,165
95,137,166
95,138,167
95,139,168
95,140,169
95,141,170
95,142,171
95,143,172
95,144,173
95,145,174
95,146,175
95,147,176
95,148,177
95,149,178
95,150,179
95,151,180
95,152,181
95,153,182
95,154,183
95,155,184
95,156,185
95,157,186
95,158,187
95,159,188
95,160,189
95,161,190
95,162,191
95,163,192
95,164,193
95,165,194
95,166,195
95,167,196
95,168,197
95,169,198
95,170,199
95,171,200
95,172,201
95,173,202
95,174,203
95,175,204
95,176,205
95,177,206
95,178,207
95,179,208
95,180,209
95,181,210
95,182,211
95,183,212
95,184,213
95,185,214
95,186,215
95,187,216
95,188,217
95,189,218
95,190,219
95,191,220
95,192,221
95,193,222
95,194,223
95,195,224
95,196,225
95,197,226
95,198,227
95,199,228
95,200,229
95,201,230
95,202,231
95,203,232
95,204,233
95,205,234
95,206,235
95,207,236
95,208,237
95,209,238
95,210,239
95,211,240
95,212,241
95,213,242
95,214,243
95,215,244
95,216,245
95,217,246
95,218,247
95,219,248
95,220,249
95,221,250
95,222,251
95,223,252
95,224,253
95,225,254
95,226,255
95,227,256
95,228,257
95,229,258
95,230,259
95,231,260
95,232,261
95,233,262
95,234,263
95,235,264
95,236,265
95,237,266
95,238,267
95,239,268
95,240,269
95,241,270
95,242,271
95,243,272
95,244,273
95,245,274
95,246,275
95,247,276
95,248,277
95,249,278
95,250,279
95,251,280
95,252,281
95,253,282
95,254,283
96,1,30
96,2,31
96,3,32
96,4,33
96,5,34
96,6,35
96,7,36
96,8,37
96,9,38
96,10,39
96,11,40
96,12,41
96,13,42
96,14,43
96,15,44
96,16,45
96,17,46
96,18,47
96,19,48
96,20,49
96,21,50
96,22,51
96,23,52
96,24,53
96,25,54
96,26,55
96,27,56
96,28,57
96,29,58
96,30,59
96,31,60
96,32,61
96,33,62
96,34,63
96,35,64
96,36,65
96,37,66
96,38,67
96,39,68
96,40,69
96,41,70
96,42,71
96,43,72
96,44,73
96,45,74
96,46,75
96,47,76
96,48,77
96,49,78
96,50,79
96,51,80
96,52,81
96,53,82
96,54,83
96,55,84
96,56,85
96,57,86
96,58,87
96,59,88
96,60,89
96,61,90
96,62,91
96,63,92
96,64,93
96,65,94
96,66,95
96,67,96
96,68,97
96,69,98
96,70,99
96,71,100
96,72,101
96,73,102
96,74,103
96,75,104
96,76,105
96,77,106
96,78,107
96,79,108
96,80,109
96,81,110
96,82,111
96,83,112
96,84,113
96,85,114
96,86,115
96,87,116
96,88,117
96,89,118
96,90,119
96,91,120
96,92,121
96,93,122
96,94,123
96,95,124
96,96,125
96,97,126
96,98,127
96,99,128
96,100,129
96,101,130
96,102,131
96,103,132
96,104,133
96,105,134
96,106,135
96,107,136
96,108,137
96,109,138
96,110,139
96,111,140
96,112,141
96,113,142
96,114,143
96,115,144
96,116,145
96,117,146
96,118,147
96,119,148
96,120,149
96,121,150
96,122,151
96,123,152
96,124,153
96,125,154
96,126,155
96,127,156
96,128,157
96,129,158
96,130,159
96,131,160
96,132,161
96,133,162
96,134,163
96,135,164
96,136,165
96,137,166
96,138,167
96,139,168
96,140,169
96,141,170
96,142,171
96,143,172
96,144,173
96,145,174
96,146,175
96,147,176
96,148,177
96,149,178
96,150,179
96,151,180
96,152,181
96,153,182
96,154,183
96,155,184
96,156,185
96,157,186
96,158,187
96,159,188
96,160,189
96,161,190
96,162,191
96,163,192
96,164,193
96,165,194
96,166,195
96,167,196
96,168,197
96,169,198
96,170,199
96,171,200
96,172,201
96,173,202
96,174,203
96,175,204
96,176,205
96,177,206
96,178,207
96,179,208
96,180,209
96,181,210
96,182,211
96,183,212
96,184,213
96,185,214
96,186,215
96,187,216
96,188,217
96,189,218
96,190,219
96,191,220
96,192,221
96,193,222
96,194,223
96,195,224
96,196,225
96,197,226
96,198,227
96,199,228
96,200,229
96,201,230
96,202,231
96,203,232
96,204,233
96,205,234
96,206,235
96,207,236
96,208,237
96,209,238
96,210,239
96,211,240
96,212,241
96,213,242
96,214,243
96,215,244
96,216,245
96,217,246
96,218,247
96,219,248
96,220,249
96,221,250
96,222,251
96,223,252
96,224,253
96,225,254
96,226,255
96,227,256
96,228,257
96,229,258
96,230,259
96,231,260
96,232,261
96,233,262
96,234,263
96,235,264
96,236,265
96,237,266
96,238,267
96,239,268
96,240,269
96,241,270
96,242,271
96,243,272
96,244,273
96,245,274
96,246,275
96,247,276
96,248,277
96,249,278
96,250,279
96,251,280
96,252,281
96,253,282
96,254,283
96,255,284
96,256,285
96,257,286
96,258,287
96,259,288
96,260,289
96,261,290
96,262,291
96,263,292
96,264,293
96,265,294
96,266,295
96,267,296
96,268,297
96,269,298
96,270,299
96,271,300
96,272,301
96,273,302
96,274,303
96,275,304
96,276,305
96,277,306
96,278,307
96,279,308
96,280,309
96,281,310
96,282,311
96,283,312
96,284,313
96,285,314
96,286,315
96,287,316
96,288,317
96,289,318
96,290,319
96,291,320
96,292,321
96,293,322
96,294,323
96,295,324
96,296,325
96,297,326
96,298,327
96,299,328
96,300,329
96,301,330
96,302,331
96,303,332
96,304,333
96,305,334
96,306,335
96,307,336
97,1,30
97,2,31
97,3,32
97,4,33
97,5,34
97,6,35
97,7,36
97,8,37
97,9,38
97,10,39
97,11,40
97,12,41
97,13,42
97,14,43
97,15,44
97,16,45
97,17,46
97,18,47
97,19,48
97,20,49
97,21,50
97,22,51
97,23,52
97,24,53
97,25,54
97,26,55
97,27,56
97,28,57
97,29,58
97,30,59
97,31,60
97,32,61
97,33,62
97,34,63
97,35,64
97,36,65
97,37,66
97,38,67
97,39,68
97,40,69
97,41,70
97,42,71
97,43,72
97,44,73
97,45,74
97,46,75
97,47,76
97,48,77
97,49,78
97,50,79
97,51,80
97,52,81
97,53,82
97,54,83
97,55,84
97,56,85
97,57,86
97,58,87
97,59,88
97,60,89
97,61,90
97,62,91
97,63,92
97,64,93
97,65,94
97,66,95
97,67,96
97,68,97
97,69,98
97,70,99
97,71,100
97,72,101
97,73,102
97,74,103
97,75,104
97,76,105
97,77,106
97,78,107
97,79,108
97,80,109
97,81,110
97,82,111
97,83,112
97,84,113
97,85,114
97,86,115
97,87,116
97,88,117
97,89,118
97,90,119
97,91,120
97,92,121
97,93,122
97,94,123
97,95,124
97,96,125
97,97,126
97,98,127
97,99,128
97,100,129
97,101,130
97,102,131
97,103,132
97,104,133
97,105,134
97,106,135
97,107,136
97,108,137
97,109,138
97,110,139
97,111,140
97,112,141
97,113,142
97,114,143
97,115,144
97,116,145
97,117,146
97,118,147
97,119,148
97,120,149
97,121,150
97,122,151
97,123,152
97,124,153
97,125,154
97,126,155
97,127,156
97,128,157
97,129,158
97,130,159
97,131,160
97,132,161
97,133,162
97,134,163
97,135,164
97,136,165
97,137,166
97,138,167
97,139,168
97,140,169
97,141,170
97,142,171
97,143,172
97,144,173
97,145,174
97,146,175
97,147,176
97,148,177
97,149,178
97,150,179
97,151,180
97,152,181
97,153,182
97,154,183
97,155,184
97,156,185
97,157,186
97,158,187
97,159,188
97,160,189
97,161,190
97,162,191
97,163,192
97,164,193
97,165,194
97,166,195
97,167,196
97,168,197
97,169,198
97,170,199
97,171,200
97,172,201
97,173,202
98,1,30
98,2,31
98,3,32
98,4,33
98,5,34
98,6,35
98,7,36
98,8,37
98,9,38
98,10,39
98,11,40
98,12,41
98,13,42
98,14,43
98,15,44
98,16,45
98,17,46
98,18,47
98,19,48
98,20,49
98,21,50
98,22,51
98,23,52
98,24,53
98,25,54
98,26,55
98,27,56
98,28,57
98,29,58
98,30,59
98,31,60
98,32,61
98,33,62
98,34,63
98,35,64
98,36,65
98,37,66
98,38,67
98,39,68
98,40,69
98,41,70
98,42,71
98,43,72
98,44,73
98,45,74
98,46,75
98,47,76
98,48,77
98,49,78
98,50,79
98,51,80
98,52,81
98,53,82
98,54,83
98,55,84
98,56,85
98,57,86
98,58,87
98,59,88
98,60,89
98,61,90
98,62,91
98,63,92
98,64,93
98,65,94
98,66,95
98,67,96
98,68,97
98,69,98
98,70,99
98,71,100
98,72,101
98,73,102
98,74,103
98,75,104
98,76,105
98,77,106
98,78,107
98,79,108
98,80,109
98,81,110
98,82,111
98,83,112
98,84,113
98,85,114
98,86,115
98,87,116
98,88,117
98,89,118
98,90,119
98,91,120
98,92,121
98,93,122
98,94,123
98,95,124
98,96,125
98,97,126
98,98,127
98,99,128
98,100,129
98,101,130
98,102,131
98,103,132
98,104,133
98,105,134
98,106,135
98,107,136
98,108,137
98,109,138
98,110,139
98,111,140
98,112,141
98,113,142
98,114,143
98,115,144
98,116,145
98,117,146
98,118,147
98,119,148
98,120,149
98,121,150
98,122,151
98,123,152
98,124,153
98,125,154
98,126,155
98,127,156
99,1,30
99,2,31
99,3,32
99,4,33
99,5,34
99,6,35
99,7,36
99,8,37
99,9,38
99,10,39
99,11,40
99,12,41
99,13,42
99,14,43
99,15,44
99,16,45
99,17,46
99,18,47
99,19,48
99,20,49
99,21,50
99,22,51
99,23,52
99,24,53
99,25,54
99,26,55
99,27,56
99,28,57
99,29,58
99,30,59
99,31,60
99,32,61
99,33,62
99,34,63
99,35,64
99,36,65
99,37,66
99,38,67
99,39,68
99,40,69
99,41,70
99,42,71
99,43,72
99,44,73
99,45,74
99,46,75
99,47,76
99,48,77
99,49,78
99,50,79
99,51,80
99,52,81
99,53,82
99,54,83
99,55,84
99,56,85
99,57,86
99,58,87
99,59,88
99,60,89
99,61,90
99,62,91
99,63,92
99,64,93
99,65,94
99,66,95
99,67,96
99,68,97
99,69,98
99,70,99
99,71,100
99,72,101
99,73,102
99,74,103
99,75,104
99,76,105
99,77,106
99,78,107
99,79,108
99,80,109
99,81,110
99,82,111
99,83,112
99,84,113
99,85,114
99,86,115
99,87,116
99,88,117
99,89,118
99,90,119
99,91,120
99,92,121
99,93,122
99,94,123
99,95,124
99,96,125
99,97,126
99,98,127
99,99,128
99,100,129
99,101,130
99,102,131
99,103,132
99,104,133
99,105,134
99,106,135
99,107,136
99,108,137
99,109,138
99,110,139
99,111,140
99,112,141
99,113,142
99,114,143
99,115,144
99,116,145
99,117,146
99,118,147
99,119,148
99,120,149
99,121,150
99,122,151
99,123,152
99,124,153
99,125,154
99,126,155
99,127,156
99,128,157
99,129,158
99,130,159
99,131,160
99,132,161
99,133,162
99,134,163
99,135,164
99,136,165
99,137,166
99,138,167
99,139,168
99,140,169
99,141,170
99,142,171
99,143,172
99,144,173
99,145,174
99,146,175
99,147,176
99,148,177
99,149,178
99,150,179
99,151,180
99,152,181
99,153,182
99,154,183
99,155,184
99,156,185
100,1,30
100,2,31
100,3,32
100,4,33
100,5,34
100,6,35
100,7,36
100,8,37
100,9,38
100,10,39
100,11,40
100,12,41
100,13,42
100,14,43
100,15,44
100,16,45
100,17,46
100,18,47
100,19,48
100,20,49
100,21,50
100,22,51
100,23,52
100,24,53
100,25,54
100,26,55
100,27,56
100,28,57
100,29,58
100,30,59
100,31,60
100,32,61
100,33,62
100,34,63
100,35,64
100,36,65
100,37,66
100,38,67
100,39,68
100,40,69
100,41,70
100,42,71
100,43,72
100,44,73
100,45,74
100,46,75
100,47,76
100,48,77
100,49,78
100,50,79
100,51,80
100,52,81
100,53,82
100,54,83
100,55,84
100,56,85
100,57,86
100,58,87
100,59,88
100,60,89
100,61,90
100,62,91
100,63,92
100,64,93
100,65,94
100,66,95
100,67,96
100,68,97
100,69,98
100,70,99
100,71,100
100,72,101
100,73,102
100,74,103
100,75,104
100,76,105
100,77,106
100,78,107
100,79,108
100,80,109
100,81,110
100,82,111
100,83,112
100,84,113
100,85,114
100,86,115
100,87,116
100,88,117
100,89,118
100,90,119
100,91,120
100,92,121
100,93,122
100,94,123
100,95,124
100,96,125
100,97,126
100,98,127
100,99,128
100,100,129
100,101,130
100,102,131
100,103,132
100,104,133
100,105,134
100,106,135
100,107,136
100,108,137
100,109,138
100,110,139
100,111,140
100,112,141
100,113,142
100,114,143
100,115,144
100,116,145
100,117,146
100,118,147
100,119,148
100,120,149
100,121,150
100,122,151
100,123,152
100,124,153
100,125,154
100,126,155
100,127,156
100,128,157
100,129,158
100,130,159
100,131,160
100,132,161
100,133,162
100,134,163
100,135,164
100,136,165
100,137,166
100,138,167
100,139,168
100,140,169
100,141,170
100,142,171
100,143,172
100,144,173
100,145,174
100,146,175
100,147,176
100,148,177
100,149,178
100,150,179
100,151,180
100,152,181
100,153,182
100,154,183
100,155,184
100,156,185
100,157,186
100,158,187
100,159,188
100,160,189
100,161,190
100,162,191
100,163,192
100,164,193
100,165,194
100,166,195
100,167,196
100,168,197
100,169,198
100,170,199
100,171,200
